ano;pagina;tabela;arquivo;n_linhas;n_colunas;primeira_linha
2014;10;1;slu_2014_p010_t1.csv;25;55; |  |  |  |  |  |  |  |  |  |  |  |  |  |  |  |  |  |  |  |  |  |  |  |  |  |  |  |  |  |  |  |  |  |  |  |  |  |  |  |  |  |  |  |  |  |  | REGIÕES |  |  |  |  |  |  | 
2014;13;2;slu_2014_p013_t2.csv;2;2; | Gerência de Controle e Qualidade
2014;13;3;slu_2014_p013_t3.csv;2;1;Núcleo de Manutenção de Próprios
2014;13;4;slu_2014_p013_t4.csv;2;2; | Núcleo de Patrimônio e Almoxarifado
2014;13;7;slu_2014_p013_t7.csv;2;2; | Limpeza de Brasília Norte Núcleo Regional de Limpezade Brasília Sul
2014;13;8;slu_2014_p013_t8.csv;8;15; |  |  |  |  |  |  |  |  |  | TOTAL |  |  |  | 
2014;15;1;slu_2014_p015_t1.csv;20;3;N° | Lixão do Jóquei – Acidentes | 
2014;16;1;slu_2014_p016_t1.csv;2;1;a. Servidores por Diretoria em dezembro 2014
2014;17;1;slu_2014_p017_t1.csv;12;16;PESSOAL E EQUIPAMENTOS ENVOLVIDOS NA LIMPEZA URBANA |  |  |  |  |  |  |  |  |  |  |  |  |  |  | 
2014;17;2;slu_2014_p017_t2.csv;3;16; | PESSOAL ATERRO SANITÁRIO OESTE |  |  | SERVENTE | OPERADOR DE MÁQUINAS |  |  | FISCAL DE |  |  | PESSOAL |  | MOTORISTA | TOTAL | 
2014;17;3;slu_2014_p017_t3.csv;5;16; | PESSOAL LIXÃO JÓQUEI |  |  | SERVENTE | OPERADOR DE MÁQUINAS |  |  | FISCAL DE |  |  | PESSOAL |  | MOTORISTA | TOTAL | 
2014;17;4;slu_2014_p017_t4.csv;3;16; | PESSOAL DISPOSIÇÃO FINAL |  |  | SERVENTE | OPERADOR DE MÁQUINAS |  |  | FISCAL DE |  |  | PESSOAL |  | MOTORISTA | TOTAL | 
2014;17;5;slu_2014_p017_t5.csv;4;3;uantitativo de estagiários e PNEs - Dezembro 2014 |  | 
2014;18;1;slu_2014_p018_t1.csv;47;9;INSTITUIÇÃO |  | ENDEREÇO | CONTATO |  | EQUIPAMENTOS | TERRENO |  | Nº CATADORES
2014;19;1;slu_2014_p019_t1.csv;13;23; |  |  |  |  |  |  |  |  |  |  |  |  |  |  |  |  |  |  |  |  | TOTAL | 
2014;19;2;slu_2014_p019_t2.csv;14;23; | EQUIPAMENTOS |  |  | TRATOR |  |  |  |  |  |  |  |  | CAMINHÃO |  |  |  |  |  |  |  |  | 
2014;20;1;slu_2014_p020_t1.csv;32;25;Programa Trabalho |  |  |  |  |  |  |  |  |  |  |  |  |  |  |  |  |  |  |  |  |  |  |  | o
2014;22;2;slu_2014_p022_t2.csv;3;1;293
2014;23;1;slu_2014_p023_t1.csv;2;1;UNO 2014/15 OZY 3239 Administração Samambaia* UNO 2014/15 OZY 9521 Casa Civil* UNO 2014/15 OZY 9524 Casa Civil*
2014;23;2;slu_2014_p023_t2.csv;2;1;UNO 2014/15 OZY 3217 Núcleo de Ceilândia
2014;23;3;slu_2014_p023_t3.csv;2;1;KOMBI JDQ 1939 Gerência de Serviços Gerais KOMBI JDQ 3399 Gerência de Serviços Gerais UNO 2014/15 OZY 3225 Gerência de Serviços Gerais UNO 2014/15 OZY 3230 Gerência de Serviços Gerais UNO 2014/15 OZY 
2014;23;4;slu_2014_p023_t4.csv;2;1;UNO 2014/15 OZY 3258 Secretaria de Governo*
2014;23;5;slu_2014_p023_t5.csv;8;6;Nº | REGIÃO ADMINISTRATIVA | ENDEREÇO | ÁREA TOTAL | ÁREA CONSTRUÍDA | UNIDADE OCUPANTE
2014;24;1;slu_2014_p024_t1.csv;5;6;08 | Núcleo Bandeirante | Avenida do Contorno A.E 06 Lote K | 1.542,60 m² | ----- | 542 m² Cedidos à Secretaria de Estado da Criança
2014;24;2;slu_2014_p024_t2.csv;23;5; | Sede | Núcleo | RA | Endereço
2014;26;1;slu_2014_p026_t1.csv;14;24; |  |  |  |  |  |  |  |  |  | Data de |  |  | Data de |  |  |  |  |  |  |  |  | Valor Global | 
2014;27;1;slu_2014_p027_t1.csv;11;24; |  |  |  |  |  |  |  |  |  | Data de |  |  | Data de |  |  |  |  |  |  |  |  | Valor | 
2014;27;2;slu_2014_p027_t2.csv;5;24; |  |  |  |  |  |  |  |  |  | Data de |  |  | Data de |  |  |  |  |  |  |  |  | Valor Global | 
2014;28;1;slu_2014_p028_t1.csv;5;23; |  |  |  |  |  |  |  |  |  | Data de |  |  | Data de |  |  |  |  |  |  |  |  | Valor Global
2014;28;2;slu_2014_p028_t2.csv;5;22; |  |  |  |  |  |  |  |  | Data de |  |  | Data de |  |  |  |  |  |  |  |  | Valor Glo bal (R$)
2014;28;3;slu_2014_p028_t3.csv;5;21; |  |  |  |  |  |  |  | Data de Assinatura |  |  | Data de |  |  |  |  |  |  |  |  | Valor Glo bal (R$)
2014;28;4;slu_2014_p028_t4.csv;5;22; |  |  |  |  |  |  |  |  | Data de |  |  | Data de |  |  |  |  |  |  |  |  | Valor Global
2014;29;1;slu_2014_p029_t1.csv;6;23; |  |  |  |  |  |  |  |  | Data de |  |  | Data de |  |  |  |  |  |  |  |  | Valor Global | 
2014;29;2;slu_2014_p029_t2.csv;7;24; |  |  |  |  |  |  |  |  |  | Data de |  |  | Data de |  |  |  |  |  |  |  |  | Valor Global | 
2014;30;1;slu_2014_p030_t1.csv;6;23; |  |  |  |  |  |  |  |  | Data de |  |  | Data de |  |  |  |  |  |  |  |  | Valor Global | 
2014;31;2;slu_2014_p031_t2.csv;2;4; | jan fev mar abr mai jun jul ago set out nov dez |  | 
2014;32;3;slu_2014_p032_t3.csv;14;7;h - Material da Coleta Seletiva Processado nas três unidades do SLU |  |  |  |  |  | 
2014;33;1;slu_2014_p033_t1.csv;8;14; | JAN | FEV | MAR | ABR | MAI | JUN | JUL | AGO | SET | OUT | NOV | DEZ | TOTAL POR SERVIÇO
2014;33;3;slu_2014_p033_t3.csv;10;14; | JAN | FEV | MAR | ABR | MAI | JUN | JUL | AGO | SET | OUT | NOV | DEZ | TOTAL POR SERVIÇO
2014;34;1;slu_2014_p034_t1.csv;2;2; | Percentual Percentual Empresa Abrangência Populacional Coleta
2014;34;2;slu_2014_p034_t2.csv;2;2; | Percentual da massa Empresa População Abrangência coletada
2014;35;1;slu_2014_p035_t1.csv;3;10;EVOLUÇÃO DA RECEITA DA TAXA DE LIMPEZA PÚBLICA - FONTE 114 |  |  |  |  |  |  |  |  | 
2014;36;1;slu_2014_p036_t1.csv;4;5;Ano | Composto produzido (t) | Composto vendido (t) | Composto doado (t) | Total (t)
2014;36;2;slu_2014_p036_t2.csv;4;1;36.59
2014;40;1;slu_2014_p040_t1.csv;4;3;ASA SUL | Processo 094.001.157/2013 | Objeto: O aviso de licitação foi publicado em 8 de novembro de 2013 e republicado em 8 de novembro de 2013 com o edital, projeto básico e seus anexos. A licitação
2015;21;1;slu_2015_p021_t1.csv;9;19;CARACTERÍSTICAS | SITUAÇÃO DO DOMICÍLIO (Em 1.000) |  |  |  |  |  |  |  |  |  |  |  |  | TOTAL |  |  |  | %
2015;25;1;slu_2015_p025_t1.csv;16;7;Quadro Pessoal Limpe za Urbana SLU DF |  |  |  |  |  | 
2015;25;2;slu_2015_p025_t2.csv;7;4;DIRETORIAS | COM CARGO | SEM CARGO | TOTAL
2015;25;3;slu_2015_p025_t3.csv;7;4;DIRETORIAS | PREENCHIDOS | VAGOS | TOTAL
2015;26;1;slu_2015_p026_t1.csv;13;7;Servidores |  | Atividade - Meio |  | Atividade - Fim |  | Total
2015;26;2;slu_2015_p026_t2.csv;10;8;Ano | Atividade-Meio |  | Atividade-Fim |  | Total com cargo em comissão | Total sem cargo em comissão | Total geral
2015;27;1;slu_2015_p027_t1.csv;11;8;PESSOAL LIMPEZA URBANA | GARI VARRIÇÃO | GARI COLETA | MOTORISTA* | USINA | PESSOAL DIVERSOS ** | PESSOAL ADMINISTRATIVO | TOTAL GERAL
2015;27;2;slu_2015_p027_t2.csv;8;10;**Nesta categoria foram som PESSOAL AT ERRO DO JÓQUEI |  | ados os serviços de SERVENTE | manutenção, fisca OPERADOR DE MÁQUINA | is de varrição e co APOIO ADMINISTRATIVO | leta, supervisores v APOIO 
2015;29;1;slu_2015_p029_t1.csv;6;11;EQUIPAMENTOS ATERRO C ONTROLADO DO JÓQUEI | CARRO DE APOIO/FISCALIZAÇÃO | ESCAVADEIRA HIDRÁULICA | CAMINHÃO DE ABASTECIMENTO (MELOSA) | CARR ETA TRANSPORTADORA DE CHORUME | CAMINHÃO PIPA | CAMINHÃO CA
2015;30;1;slu_2015_p030_t1.csv;23;9;Programa Trabalho | Lei | Alteração | Contingenciado | Bloqueado | Desp. Autorizada | Empenhado | Disponível | Liquidado
2015;32;1;slu_2015_p032_t1.csv;6;5;Tipo deDespesa | 2014 | (%) | 2015 | (%)
2015;33;1;slu_2015_p033_t1.csv;4;5;Coleta Convencional (resíduos indiferenciados) |  |  |  | 
2015;33;2;slu_2015_p033_t2.csv;4;14; | Coleta seletiva |  |  |  |  |  |  |  |  |  |  |  | 
2015;34;1;slu_2015_p034_t1.csv;5;14; | Resíduos dos Serviços de Saúde |  |  |  |  |  |  |  |  |  |  |  | 
2015;34;2;slu_2015_p034_t2.csv;5;15; | Compostagem |  |  |  |  |  |  |  |  |  |  |  |  | 
2015;34;3;slu_2015_p034_t3.csv;8;18; | Usinas TMB |  |  |  |  |  |  |  |  |  |  |  |  |  |  |  | 
2015;36;1;slu_2015_p036_t1.csv;24;13; | Sede |  |  | Núcleo |  |  | RA |  |  | Endereço |  | 
2015;36;2;slu_2015_p036_t2.csv;2;1;DL
2015;37;1;slu_2015_p037_t1.csv;13;7;Nº | REGIÃO ADMINISTRATIVA | ENDEREÇO | ÁREA TOTAL (m²) | ÁREA CONSTRUÍDA (m²) | UNIDADE OCUPANTE | SITUAÇÃO
2015;38;1;slu_2015_p038_t1.csv;2;3; | Jan Fev Mar Abr Mai Jun Jul Ago Set Out Nov Dez Total | 
2015;42;1;slu_2015_p042_t1.csv;6;8; | Contrato | Empresa | Data de assinatura/início da vigência | Objeto | Data do término da vigência | Valor (R$) | Executores e Suplentes
2015;43;1;slu_2015_p043_t1.csv;5;8; | Contrato | Empresa | Data de assinatura/início da vigência | Objeto | Data do término da vigência | Valor (R$) | Executores e Suplentes
2015;46;1;slu_2015_p046_t1.csv;7;6;STATUS |  |  | TOTAL |  | 
2015;46;2;slu_2015_p046_t2.csv;8;6;ANO DE CONCLUSÃO |  |  | AÇÕES |  | 
2015;49;1;slu_2015_p049_t1.csv;7;5;Serviços | 2014 | 2015 | Diferença | 2015/2014 (%)
2015;58;1;slu_2015_p058_t1.csv;17;15;Data |  |  |  |  |  | Hora do fechamento |  |  | Hora de abertura |  |  |  | Tempo total fechado | 
2015;59;1;slu_2015_p059_t1.csv;12;14; |  |  |  | 27 |  | 0:00 |  |  | 15:30 |  |  | 15:30 | 
2015;59;2;slu_2015_p059_t2.csv;6;4;Etapa | Área (m²) | Capacidade (t) | Vida Útil (anos)
2015;60;1;slu_2015_p060_t1.csv;6;5;Convênio | Partes | Valor (R$) | Data de celebração | Vigência
2015;60;2;slu_2015_p060_t2.csv;5;2;Convênio | Objeto
2015;61;1;slu_2015_p061_t1.csv;8;14; |  |  | Convênio 001/2012 |  | Convênio 002/2012 |  | Convênio 003/2012 |  |  | Convênio 001/2013 |  |  | Total
2015;61;2;slu_2015_p061_t2.csv;11;15; | JAN | FEV | MAR | ABR | MAI | JUN | JUL | AGO | SET | OUT | NOV | DEZ | TOTAL POR SERVIÇO | PERCENTUAL
2015;62;1;slu_2015_p062_t1.csv;9;3;Mês | Custo mensal | Custo por tonelada
2015;63;1;slu_2015_p063_t1.csv;5;9;Outubro |  |  | R$ 2.271.057,70 |  |  | R$ 31,80 |  | 
2015;64;1;slu_2015_p064_t1.csv;14;3;Mês | Número de eventos | Massa de resíduos coletados (toneladas)
2015;65;1;slu_2015_p065_t1.csv;7;6;Atividade | Dia | AutoridadesPresentes | RA | Quantidade de Participantes | Local
2015;66;1;slu_2015_p066_t1.csv;11;6;7 | 24/04 | Equipe SLU (Diretora Geral, Assessoria, ASCOM e Diretora de Limpeza Urbana) Líder da Cidade Maria das Graças Borges Lideranças Comunitárias | Conselho Comunitário Asa Norte | 23 | Auditóri
2015;67;1;slu_2015_p067_t1.csv;11;6; |  | Administrador da Cidade Sr. Eduardo Rodrigues da Silva Lideranças Comunitárias |  |  | 
2015;68;1;slu_2015_p068_t1.csv;2;6; |  | Assessoria, ASCOM e Diretora de Limpeza Urbana) Administrador da Cidade Sr Leandro Casarin Dalmas Lideranças Comunitárias AGEFIS | Lago Norte RA-XVIII |  | Administração Regional
2015;69;1;slu_2015_p069_t1.csv;12;3; | Parceria | Objeto
2015;70;1;slu_2015_p070_t1.csv;2;3;12 | SEBRAE | Cessão de instrutores diversos para ministrarem vários cursos e capacitações aos servidores do SLU
2015;75;1;slu_2015_p075_t1.csv;13;3;ATIVIDADE | Nº DE AÇÕES | PESSOAS ATENDIDAS
2015;77;1;slu_2015_p077_t1.csv;6;5; | Prevista/lançada | Realizada | Pagto. | LOA
2015;77;2;slu_2015_p077_t2.csv;2;4;Total 2015 | Negativas | Positivas | Neutras
2015;79;1;slu_2015_p079_t1.csv;28;18; | Dia |  |  | Mês |  |  | Tema |  |  | Instrutores |  |  | Presentes |  |  | Público | 
2015;79;2;slu_2015_p079_t2.csv;2;1;Heliana Kátia, Ana
2015;79;3;slu_2015_p079_t3.csv;2;1;Direção e executores
2015;79;4;slu_2015_p079_t4.csv;3;1;Heliana Kátia,
2015;79;5;slu_2015_p079_t5.csv;2;1;3. Coleta seletiva e a
2015;79;6;slu_2015_p079_t6.csv;3;1;4. Regionalização da
2015;79;7;slu_2015_p079_t7.csv;3;1;Marcos Montenegro
2015;79;8;slu_2015_p079_t8.csv;2;1;Servidores do SLU e
2015;79;9;slu_2015_p079_t9.csv;3;1;Servidores do SLU e
2015;79;10;slu_2015_p079_t10.csv;2;1;5. Educação ambiental e
2015;79;11;slu_2015_p079_t11.csv;2;1;6. Logística reversa de
2015;79;12;slu_2015_p079_t12.csv;2;1;Ellen Dânia (ADASA) e
2015;79;13;slu_2015_p079_t13.csv;2;1;Servidores do SLU e
2015;79;14;slu_2015_p079_t14.csv;2;1;7. Política Nacional de
2015;79;15;slu_2015_p079_t15.csv;2;1;Servidores do MPDFT
2015;79;16;slu_2015_p079_t16.csv;2;1;Servidores do SLU e
2015;79;17;slu_2015_p079_t17.csv;2;1;11. Destinação de resíduos
2015;79;18;slu_2015_p079_t18.csv;2;1;Servidores do SLU e
2015;80;1;slu_2015_p080_t1.csv;16;8;10 | JUNHO |  | 12. Agenda Ambiental na |  | Maria Fernanda | 66 | Servidores do SLU e convidados
2015;80;2;slu_2015_p080_t2.csv;2;1;Servidores do SLU e
2015;80;3;slu_2015_p080_t3.csv;2;1;Servidores do SLU e
2015;80;4;slu_2015_p080_t4.csv;2;1;Servidores do SLU e
2015;80;5;slu_2015_p080_t5.csv;2;1;Servidores do SLU e
2015;80;6;slu_2015_p080_t6.csv;2;1;Servidores do SLU e
2015;80;7;slu_2015_p080_t7.csv;2;1;17. Catadores x Coleta
2015;80;8;slu_2015_p080_t8.csv;2;1;Servidores do SLU e
2015;80;9;slu_2015_p080_t9.csv;2;1;18. Cinco menos que são
2015;80;10;slu_2015_p080_t10.csv;2;1;Servidores do SLU e
2015;80;11;slu_2015_p080_t11.csv;2;1;19. Descarte de resíduos
2015;80;12;slu_2015_p080_t12.csv;2;1;Servidores do SLU e
2015;80;13;slu_2015_p080_t13.csv;2;1;Servidores do SLU e
2015;80;14;slu_2015_p080_t14.csv;2;1;21. Brasília Limpa -
2015;80;15;slu_2015_p080_t15.csv;2;1;Servidores do SLU e
2015;80;16;slu_2015_p080_t16.csv;2;1;Servidores do SLU e
2015;80;17;slu_2015_p080_t17.csv;2;1;Luciana Soares
2015;80;18;slu_2015_p080_t18.csv;2;1;Servidores do SLU e
2015;80;19;slu_2015_p080_t19.csv;2;1;24. Confraternização e
2015;80;20;slu_2015_p080_t20.csv;2;1;Heliana Kátia e
2015;80;21;slu_2015_p080_t21.csv;2;1;Servidores do SLU e
2015;81;1;slu_2015_p081_t1.csv;2;1;a ilís a rB a ic n ê g A /
2015;81;2;slu_2015_p081_t2.csv;5;2; | ispõe sobre o retorno de servidores à Carreira Gestão
2015;81;3;slu_2015_p081_t3.csv;6;2; | O SLU lançou em 13 de março o projeto De Olho na Coleta. A iniciativa visou apromoção
2015;82;1;slu_2015_p082_t1.csv;13;1;III. Planejamento Estratégico: O SLU esteve reunido nos dias 5 e 6 de março de 2015, no auditório da
2015;82;2;slu_2015_p082_t2.csv;14;2;Nº | Desafio
2015;82;3;slu_2015_p082_t3.csv;13;1;I. Grupo de Trabalho inicia ações para desativar as atividades irregulares no Lixão do Jóquei: A
2015;82;4;slu_2015_p082_t4.csv;3;1;I. Decisão Liminar Vara de Meio Ambiente, Desenvolvimento Urbano e Fundiário do DF – TJDFT para
2015;83;1;slu_2015_p083_t1.csv;44;1;Administração Direta, Fundacional, das Autarquias, Empresas Públicas e Sociedades de Economia Mista do
2015;83;2;slu_2015_p083_t2.csv;9;1;I. Declarada situação de emergência na Limpeza Urbana do DF: Foi declarada, no dia 1º de junho,
2015;84;1;slu_2015_p084_t1.csv;56;1;demanejo e de disposição final dos resíduos sólidos, o SLU requisitou profissionais da área de engenharia e
2015;85;1;slu_2015_p085_t1.csv;12;1;administrativas: Águas Claras, Ceilândia, Cidade Estrutural, Park Way (Quadras 4, 5 e 6), Taguatinga e Vicente
2015;88;1;slu_2015_p088_t1.csv;2;2; | / s e ar v a T o h a n síli ni T o Br a o: a dit n ci Cr é A g ê
2015;89;1;slu_2015_p089_t1.csv;2;2; | / oll M a síli a el a bri Br a a Gci o: ê n dit g A é Cr
2016;12;1;slu_2016_p012_t1.csv;35;13;Região Administrativa |  | População Total |  |  |  |  | Região Administrativa |  | População Total |  |  | 
2016;17;1;slu_2016_p017_t1.csv;4;12;Denominação do Indicador | Unidade de Medida | Í M R | ndice |  | Apurado em | Periodicidade de Apuração | Desejado em |  |  |  | Fonte/ UO Resp./ Obj. Esp
2016;17;2;slu_2016_p017_t2.csv;2;1;enominação do
2016;17;3;slu_2016_p017_t3.csv;2;1;nidade de
2016;17;4;slu_2016_p017_t4.csv;3;1;eriodicidade
2016;17;5;slu_2016_p017_t5.csv;2;1;Fonte/ UO
2016;18;1;slu_2016_p018_t1.csv;14;7; | Atividade | Unidade | Ano 2014 | Ano 2015 | Ano 2016 | Compara ção 2016/ 2015 (%)
2016;23;1;slu_2016_p023_t1.csv;7;4;DIRETORIAS | Preenchidos | VAGOS | TOTAL
2016;26;1;slu_2016_p026_t1.csv;11;19;EQUIP AMENTOS LIMPEZA URBANA | CARRO DE APOIO/FISCALIZAÇÃO | CAMINHÃO COMPACTADOR | CAMINHÃO GAIOLA | CAMINHÃO BAÚ | CAMINHÃO ROLL-ON | CAÇAMBA TOCO | CAÇAMBA TRUCADA | CAVALO MECÂNICO E CARRETAS | RE
2016;35;1;slu_2016_p035_t1.csv;28;9;N º | Contrato | Empresa | Data de assinatura/início da | Objeto | Data do término da | Valor (R$) | Executores e Suplentes | OBS
2016;37;1;slu_2016_p037_t1.csv;11;9;Nº | Contrato | Empresa | Data de assinatura/início da vigência | Objeto | Término da vigência | Valor (R$) | Executores e Suplentes | OBS
2016;38;1;slu_2016_p038_t1.csv;2;9;Nº | Convênio | Empresa | Data de assinatura/início da vigência | Objeto | Término da vigência | Valor (R$) | Executores e Suplentes | OBS
2016;39;7;slu_2016_p039_t7.csv;10;3;N | ENTREGAS | PRAZO
2016;39;8;slu_2016_p039_t8.csv;4;12; | SERVIÇO |  |  | INDICADOR |  |  | FÓRMULA |  | RESULTADO | Meta 2016 | 
2016;49;1;slu_2016_p049_t1.csv;41;27; | Brasília |  |  |  |  |  |  |  |  |  |  |  |  |  |  |  |  |  |  |  |  |  |  |  |  | 
2016;49;2;slu_2016_p049_t2.csv;3;1;Nº Total
2016;49;3;slu_2016_p049_t3.csv;3;1;Nº
2016;49;4;slu_2016_p049_t4.csv;2;1;"ednaldojales@gmail.com;"
2016;49;5;slu_2016_p049_t5.csv;2;1;SONHO DE
2016;49;6;slu_2016_p049_t6.csv;2;1;sonhodeliberdade2014@hotmail.co
2016;50;1;slu_2016_p050_t1.csv;28;25; | Paranoá |  |  |  |  |  |  |  |  |  |  |  |  |  |  |  |  |  |  |  |  |  |  | 
2016;58;1;slu_2016_p058_t1.csv;6;4;Etapa | Área (m²) | Capacidade (t) | Vida Útil (anos)
2016;58;2;slu_2016_p058_t2.csv;5;2;Convênio | Objeto
2016;59;1;slu_2016_p059_t1.csv;5;2;Pagamentos referentes a repactuação de valores dos contratos (R$)-2016 | 
2016;65;1;slu_2016_p065_t1.csv;9;9; |  |  |  | Parceiro |  |  | Objeto | 
2016;66;1;slu_2016_p066_t1.csv;5;3;9 | SEE-DF, Escola da Natureza, Adasa e Caesb | Capacitação de professores (2016)
2016;71;1;slu_2016_p071_t1.csv;26;9; |  |  | Nº DE AÇÕES |  |  | PARTICIPANTES |  | 
2016;71;2;slu_2016_p071_t2.csv;2;1;Nº DE
2016;74;1;slu_2016_p074_t1.csv;5;6; | Ação |  |  | Quantitativo | 
2016;82;1;slu_2016_p082_t1.csv;8;5;Taxa de Limpeza Urbana no DF |  |  |  | 
2016;83;1;slu_2016_p083_t1.csv;2;4;Total | Negativas | Positivas | Neutras
2016;83;2;slu_2016_p083_t2.csv;3;8; | Negativas |  | Positivas |  | Neutras |  | Total
2016;86;1;slu_2016_p086_t1.csv;4;41; | 2009 |  |  |  |  | 2010 |  |  |  |  | 2011 |  |  |  |  | 2012 |  |  |  |  | 2013 |  |  |  |  | 2014 |  |  |  |  | 2015 |  |  |  |  | 2016 |  |  |  | 
2016;86;4;slu_2016_p086_t4.csv;10;2;Lavagem de monumentos, paradas e passarelas | 11
2016;88;2;slu_2016_p088_t2.csv;2;1;Quantidade de manifestaçõe s -
2016;88;3;slu_2016_p088_t3.csv;2;1;Manifestações 1% atendidas
2016;88;4;slu_2016_p088_t4.csv;2;1;Cumpridas no 435% prazo de até 20 dias
2016;88;5;slu_2016_p088_t5.csv;2;1;Quantidade de -78% solicitações
2016;88;6;slu_2016_p088_t6.csv;2;1;Solicitações 0% atendidas
2016;88;7;slu_2016_p088_t7.csv;2;2;Cumpridas no 289% prazo de até 20 dias | Proposta -50%
2016;90;1;slu_2016_p090_t1.csv;21;6;Dia | Mês | Tema | Palestrantes Instrutores | Presentes | Público
2016;91;1;slu_2016_p091_t1.csv;9;6;03 a 05 | OUTUBRO | Módulo I Curso Introdutório de Curso IntrodutFóroiorm dea çFãoorm daeç ão de Executor de CoEnxteractuot Coar rdgea Choornátrriaa:t o2 0 Módulo II Carga horária: 2h0o ras horas | An
2016;92;1;slu_2016_p092_t1.csv;15;1;O governo de Brasília criou um Plano de Ação para o
2016;92;2;slu_2016_p092_t2.csv;11;1;Carnaval em Brasília reuniu quase 900 mil foliões
2016;93;1;slu_2016_p093_t1.csv;21;1;Cerimônia ocorreu no Palácio do Buriti em 25 de
2016;93;2;slu_2016_p093_t2.csv;5;1;Bombeiros militares capacitam garis e catadores para prevenção de incêndios
2016;94;1;slu_2016_p094_t1.csv;6;1;Contratada consultoria para ajudar na elaboração de plano de saneamento básico
2016;96;1;slu_2016_p096_t1.csv;19;1;Coleta seletiva é retomada em cinco regiões do DF
2016;96;2;slu_2016_p096_t2.csv;4;1;Comemoração marca os 55 anos do SLU
2016;97;1;slu_2016_p097_t1.csv;20;1;Pintura de meio-fio ganha auxílio de maquinário
2016;97;2;slu_2016_p097_t2.csv;10;1;Cruzeiro, Plano e Sudoeste voltam a ter coleta seletiva
2016;98;1;slu_2016_p098_t1.csv;14;1;O atual programa não traz mudanças bruscas em relação ao anterior, que precisou ser substituído por ser uma
2016;98;2;slu_2016_p098_t2.csv;7;1;SLU participa da força-tarefa para recuperar Samambaia
2016;98;3;slu_2016_p098_t3.csv;10;1;Centros de triagem de resíduos têm áreas reconhecidas como de interesse público
2016;99;1;slu_2016_p099_t1.csv;10;1;Novas regras vão definir como deve ser feito o transporte de resíduos volumosos e da construção civil no
2016;99;2;slu_2016_p099_t2.csv;8;1;SLU é agraciado no 1º Concurso Melhores Práticas em Ouvidoria Pública
2017;11;1;slu_2017_p011_t1.csv;35;13;Região Administrativa |  | População Total |  |  |  |  | Região Administrativa |  | População Total |  |  | 
2017;19;1;slu_2017_p019_t1.csv;4;9;Denominação do Indicador | Unidade de Medida | Índice Mais Recente | Apurado em | Desejado (2016/2019) |  |  |  | Fonte/ UO Resp./ OE
2017;19;2;slu_2017_p019_t2.csv;3;1;UO – Unidade Orçamentária
2017;20;1;slu_2017_p020_t1.csv;14;6;Atividade | Unidade | Ano 2015 | Ano 2016 | Ano 2017 | Comparativo 2017/2016 (%)
2017;23;1;slu_2017_p023_t1.csv;8;4;Diretorias | Preenchidos | Vagos | Total
2017;23;2;slu_2017_p023_t2.csv;8;4;Diretorias | Com cargo | Sem cargo | Total
2017;24;1;slu_2017_p024_t1.csv;16;5;Atos de Concessão de Aposentadoria |  |  |  | 
2017;25;1;slu_2017_p025_t1.csv;15;7;FORÇA DE TRABALHO |  |  |  |  |  | 
2017;27;1;slu_2017_p027_t1.csv;11;11;PESSOAL LIMPEZA URBANA | GARI VARRIÇÃO | GARI CATAÇÃO | GARI COLETA | MOTORISTA* COLETA | MOTORISTAS DIVERSOS | PESSOAL DIVERSOS | PESSOAL OPERACIONAL | PESSOAL ADMINISTRATI VO | OUTROS | TOTAL
2017;27;2;slu_2017_p027_t2.csv;4;10;PESSOAL ATERRO CONTROLADO DO JÓQUEI | FISCAL DE PISO | OPERADOR DE MÁQUINA | MOTORISTA | ENCARREGADOS | SERVENTE | PESSOAL OPERACIONAL | PESSOAL ADMINISTRATIVO | OUTROS | TOTAL
2017;27;3;slu_2017_p027_t3.csv;2;1;TOTAL DE PESSOAS
2017;27;4;slu_2017_p027_t4.csv;2;10;PESSOAL ATERRO SANITÁRIO DE BRASÍLIA | FISCAL DE PISO | OPERADOR DE MÁQUINA | MOTORISTA | ENCARREGADOS | SERVENTE | PESSOAL OPERACIONAL | PESSOAL ADMINISTRATIVO | OUTROS | TOTAL
2017;31;1;slu_2017_p031_t1.csv;31;9;Programa de Trabalho | Lei | Alteração | Contingenciado | Bloqueado | Desp. Autorizada | Empenhado | Disponível | Liquidado
2017;31;2;slu_2017_p031_t2.csv;2;9;Programa de Trabalho | Lei | Alteração | Contingenciado | Bloqueado | Desp. Autorizada | Empenhado | Disponível | Liquidado
2017;31;3;slu_2017_p031_t3.csv;3;9;Programa de Trabalho | Lei | Alteração | Contingenciado | Bloqueado | Desp. Autorizada | Empenhado | Disponível | Liquidado
2017;36;1;slu_2017_p036_t1.csv;24;9; | Sede | Núcleo | RA | Endereço | Propriedade | Situação | Área total | Área Construída
2017;46;1;slu_2017_p046_t1.csv;10;9;N |  |  | ENTREGAS |  |  | PRAZO |  | 
2017;46;2;slu_2017_p046_t2.csv;14;7;Serviço | Indicador | Fórmula |  |  | Resultado | Meta 2017
2017;46;3;slu_2017_p046_t3.csv;3;1;Taxa de disposição
2017;46;4;slu_2017_p046_t4.csv;2;1;Serviços de reciclagem
2017;46;5;slu_2017_p046_t5.csv;3;1;Taxa de resíduos
2017;56;1;slu_2017_p056_t1.csv;14;8; | Instituição | Qualificação | Endereço | Representante | Contato | email | Nº Catadores
2017;67;1;slu_2017_p067_t1.csv;29;5;Nº | DATA | NOME | ACIDENTE | ÓBITO
2017;68;1;slu_2017_p068_t1.csv;39;5;Data |  | Hora do fechamento | Hora de abertura | Tempo total fechado (hh:mm)
2017;69;1;slu_2017_p069_t1.csv;6;4;Etapa | Área (m²) | Capacidade (t) | Vida Útil (anos)
2017;70;1;slu_2017_p070_t1.csv;5;2;Convênio | Objeto
2017;70;2;slu_2017_p070_t2.csv;9;3;Execução Financeira – Obras de infraestrutura ASB e Escola Guariroba |  | 
2017;72;1;slu_2017_p072_t1.csv;11;16; | JAN | FEV | MAR | ABR | MAI | JUN | JUL | AGO | SET | OUT | NOV | DEZ | TOTAL POR SERVIÇO | PERCENTUAL (%) | CUSTO MÉDIO POR SERVIÇO
2017;75;1;slu_2017_p075_t1.csv;16;3;Aterro Sanitário de Brasília - Aterramento (2017) |  | 
2017;76;1;slu_2017_p076_t1.csv;15;8;PE RÍODO | NÚMERO DE EVENTOS |  |  |  |  |  | 
2017;79;1;slu_2017_p079_t1.csv;4;8; | 2005 | 2006 | 2007 | 2008 | 2009 | 2010 | 2011
2017;80;1;slu_2017_p080_t1.csv;9;5;Taxa de Limpeza Urbana no DF |  |  |  | 
2017;80;2;slu_2017_p080_t2.csv;9;14;Fonte | Valor |  |  |  |  |  |  |  |  |  |  |  | %
2017;81;1;slu_2017_p081_t1.csv;21;3;Atividades realizadas em 2017 | Nº de ações | Pessoas atendidas
2017;81;2;slu_2017_p081_t2.csv;6;2;Ação | Quantidade
2017;83;1;slu_2017_p083_t1.csv;10;6; | Local |  |  | Visitantes | 
2017;86;1;slu_2017_p086_t1.csv;18;1;Os Garis também marcaram presença no carnaval, participando de um desfile organizado pelo SLU na
2017;89;2;slu_2017_p089_t2.csv;5;22; | Evolução da avaliação de notícias 2015/2016/2017 |  |  |  |  |  |  |  |  |  |  |  |  |  |  |  |  |  |  |  | 
2017;89;3;slu_2017_p089_t3.csv;9;2;Atendidas | 
2017;90;1;slu_2017_p090_t1.csv;7;2;Entrevistas | 
2017;90;2;slu_2017_p090_t2.csv;5;3;Postagem |  | 
2017;91;1;slu_2017_p091_t1.csv;2;1;Quantidade de manifestações
2017;91;2;slu_2017_p091_t2.csv;2;2;Manifestações atendidas | 
2017;91;3;slu_2017_p091_t3.csv;2;2;Cumpridas no prazo de até 20 dias | 
2017;91;4;slu_2017_p091_t4.csv;2;1;Prazo médio de atendimento
2017;91;5;slu_2017_p091_t5.csv;2;1;Quantidade de solicitaç ões
2017;91;6;slu_2017_p091_t6.csv;2;1;Solicitações atendidas
2017;91;7;slu_2017_p091_t7.csv;2;1;Cumpridas no prazo de até 20 dias
2017;91;8;slu_2017_p091_t8.csv;2;1;Prazo médio de atendimento
2017;92;1;slu_2017_p092_t1.csv;17;2;Coleta convencional de lixo | 591
2017;94;1;slu_2017_p094_t1.csv;19;6;Dia | Mês | Tema | Palestrantes Instrutores | Presentes | Público
2017;95;1;slu_2017_p095_t1.csv;15;6;2 | AGOSTO | Palestra: Plano Distrital de Saneamento Básico e Plano de Gerenciamento Integrado de Resíduos Sólidos | Janaína Adriana da Trindade | 26 | Servidores do SLU e convidados
2017;96;1;slu_2017_p096_t1.csv;3;4;TIPO | EVENTO | INSTITUIÇÃO | NÚMERO DE SERVIDORES
2018;18;1;slu_2018_p018_t1.csv;15;2;RA | 2018
2018;18;2;slu_2018_p018_t2.csv;15;2;RIDE | 2018
2018;19;1;slu_2018_p019_t1.csv;19;2;Park Way | 22.675
2018;19;2;slu_2018_p019_t2.csv;17;2;Cristalina | 57.759
2018;23;1;slu_2018_p023_t1.csv;9;3;Nº | ENTREGAS | STATUS
2018;24;1;slu_2018_p024_t1.csv;4;5;SERVIÇO | INDICADOR | FÓRMULA | RESULTADO | META 2018
2018;27;1;slu_2018_p027_t1.csv;6;15;TAXA DE RECUPERAÇÃO DE RESÍDUOS SÓLIDOS RECICLADOS |  |  |  |  |  |  |  |  |  |  |  |  |  | 
2018;27;2;slu_2018_p027_t2.csv;6;15;TAXA DE DISPOSIÇÃO FINAL EM ATERRO SANITÁRIO |  |  |  |  |  |  |  |  |  |  |  |  |  | 
2018;28;1;slu_2018_p028_t1.csv;14;8;ATIVIDADE | UNIDADE | 2015 | 2016 | 2017 | 2018 | COMPARATIVO 2017/2018 (%) | COMPARATIVO 2015/2018 (%)
2018;34;1;slu_2018_p034_t1.csv;8;4;DIRETORIAS | PREENCHIDOS | VAGOS | TOTAL
2018;35;1;slu_2018_p035_t1.csv;8;4;DIRETORIAS | COM CARGO | SEM CARGO | TOTAL
2018;36;1;slu_2018_p036_t1.csv;15;6; | ANO 2014 | ANO 2015 | ANO 2016 | ANO 2017 | ANO 2018
2018;37;1;slu_2018_p037_t1.csv;15;7;FORÇA DE TRABALHO |  |  |  |  |  | 
2018;38;1;slu_2018_p038_t1.csv;16;10;SÉRIE HISTÓRICA - FORÇA DE TRABALHO |  |  |  |  |  |  |  |  | 
2018;39;1;slu_2018_p039_t1.csv;21;11;FORÇA DE TRABALHO LIMPEZA URBANA SLU DF |  |  |  |  |  |  |  |  |  | 
2018;46;1;slu_2018_p046_t1.csv;14;6;PALESTRAS, CURSOS E TREINAMENTOS COORDENADOS PELO NÚCLEO DE CAPACITAÇÃO 2018 |  |  |  |  | 
2018;47;1;slu_2018_p047_t1.csv;12;6;13 | Junho | 85ª Palestra: Avaliação de Viabilidade Regulatória em Relação às Diversas Formas de Resíduos Sólidos com Office L'Eau | Cristina de Saboya Gouveia Santos | 70 | Servidores SLU e convidado
2018;48;1;slu_2018_p048_t1.csv;14;6;09 a 10 | Outubro | Curso da Fral | FRAL | 52 | Servidores do SLU
2018;49;1;slu_2018_p049_t1.csv;20;4;Síntese de palestras, cursos e treinamentos realizados por outros órgãos - 2018 |  |  | 
2018;50;1;slu_2018_p050_t1.csv;18;4;CURSO | Programa de formação em Ouvidoria - Módulo: Carta de Serviços | EGOV | 1
2018;51;1;slu_2018_p051_t1.csv;10;4;SUBTOTAL DE SERVIDORES |  |  | 4
2018;52;1;slu_2018_p052_t1.csv;12;10;Análise do Quadro de Detalhamento da Despesa de 2018 |  |  |  |  |  |  |  |  | 
2018;53;1;slu_2018_p053_t1.csv;16;10;(EPI) Construção de Unidade de Transbordo | - | 300.000,00 |  |  | 300.000,00 | - |  | - | -
2018;54;1;slu_2018_p054_t1.csv;6;10;Construção de Galpão - Apoio à Construção da IRR em Sobradinho | - | 200.000,00 |  |  | 200.000,00 | - |  | - | -
2018;62;1;slu_2018_p062_t1.csv;13;9; | Sede | Núcleo | RA | Endereço | Propriedade | Situação | Área total | Área Construída
2018;63;1;slu_2018_p063_t1.csv;15;9;"12 | GEOES | Paranoá/Itapoã | Quadra 05 Área Especial ""D"" Lotes 01 e 02 | Terracap | Cedido | - | - | "
2018;64;1;slu_2018_p064_t1.csv;21;9;25 | Usinas | NUTRA | Brazlândia | Quadra 33 Área Especial nº. 3 Vila São José Brazlândia | Terracap | Regularizado | 7.878 | 1.098
2018;66;1;slu_2018_p066_t1.csv;11;9;Manutenção Administrativa |  |  |  |  |  |  |  | 
2018;67;1;slu_2018_p067_t1.csv;15;9;10 | 01/2015 | OI S.A. | 02.02.2015 | Chamadas locais de telefonia fixa móvel | 18.03.2019 | ANUAL: R$ 213.540,43 | Delano Henrique Sousa Thomé/ Antônio José Correa | Vigente
2018;68;1;slu_2018_p068_t1.csv;12;9;25 | 21/2017 | G10 DISTRIBUIÇÃO LTDA – EPP | 26.07.2017 | Locação de galpão para a instalação de Centro de Triagem SCIA, Guará, Brasília/DF | 26.07.2019 | MENSAL: R$ 20.900,00 TOTAL: R$ 501.600,00 | M
2018;69;1;slu_2018_p069_t1.csv;9;9;37 | 30/2018 | NOTORIUN TECNOLOGIA EM SOFTWARE LTDA - EPP | 15.05.2018 | Contratação de empresa especializada em geração de relatórios | 14.05.2019 | TOTAL: R$ 2.200.000,00 | Leandro Henrique Antunes 
2018;70;1;slu_2018_p070_t1.csv;8;9;Convênios |  |  |  |  |  |  |  | 
2018;71;1;slu_2018_p071_t1.csv;9;9;Obras |  |  |  |  |  |  |  | 
2018;72;1;slu_2018_p072_t1.csv;11;9;Aquisição de Equipamentos |  |  |  |  |  |  |  | 
2018;73;1;slu_2018_p073_t1.csv;6;9;Serviços Terceirizados |  |  |  |  |  |  |  | 
2018;73;2;slu_2018_p073_t2.csv;5;9;COLETA CONVENCIONAL |  |  |  |  |  |  |  | 
2018;74;1;slu_2018_p074_t1.csv;9;9;4 | 09/2016 | VALOR AMBIENTAL LTDA | 31.05.2016 | Coleta de resíduos sólidos | 17.10.2019 | MENSAL: R$ 8.063.593,45 ANUAL: R$ 45.962.482,67 | João Eudes dos Santos/ Jorge Antônio da Costa/ Aldemir Fer
2018;75;1;slu_2018_p075_t1.csv;6;9;13 | 55/2019 | VALOR AMBIENTAL LTDA | 21.09.2018 | Tratamento de Chorume na URE | 21.09.2019 | MENSAL: R$ 77.069,52 ANUAL: R$ 924.834,25 | Marcos José Pereira de Oliveira/Cícero Carlos Gomes Lacerda/E
2018;76;1;slu_2018_p076_t1.csv;12;9;COLETA SELETIVA E TRIAGEM |  |  |  |  |  |  |  | 
2018;77;1;slu_2018_p077_t1.csv;12;9;11 | 14/2017 | ASSOCIAÇÃO DOS CATADORES DE PAPEL,PAPELÃO E MATERIAIS RECICLÁVEIS DO GUARÁ | 03.07.2017 | Contratação de associação de catadores de materiais recicláveis e reutilizáveis | 03.07.2018 | 
2018;78;1;slu_2018_p078_t1.csv;13;9;23 | 09/2018 | COOPERLIMPO DE CATADORES BRASIL | 31.01.2018 | Processamento de resíduos sólidos urbanos | 31.01.2020 | MENSAL: R$ 60.828,00 ANUAL: R$ 729.936,00 | Ailton Oliveira Rocha/ Francisco Anto
2018;79;1;slu_2018_p079_t1.csv;9;9;36 | 34/2018 | ASSOCIAÇÃO DOS CATADORES E RECICLADORES DE RESÍDUOS SÓLIDOS DE BRAZLÂNDIA (ACOBRAZ) | 04.06.2018 | Processamento de resíduos sólidos urbanos | 04.06.2019 | MENSAL: R$ 22.329,00 ANUAL: R
2018;82;1;slu_2018_p082_t1.csv;22;3;ORGANIZAÇÃO GOVERNAMENTAL |  | 
2018;83;1;slu_2018_p083_t1.csv;22;3;2º Suplente | Sema/DF | -
2018;84;1;slu_2018_p084_t1.csv;22;3;ORGANIZAÇÃO NÃO GOVERNAMENTAL |  | 
2018;85;1;slu_2018_p085_t1.csv;17;3;ASSOCIAÇÃO DE MORADORES / SOCIEDADE CIVIL |  | 
2018;93;1;slu_2018_p093_t1.csv;12;2;COOPERATIVA/ASSOCIAÇÃO | REGIÃO ADMINISTRATIVA ATENDIDA
2018;94;1;slu_2018_p094_t1.csv;14;8;Taxa de recuperação de Materiais Recicláveis oriundos da Coleta Seletiva Inclusiva (janeiro/2018 - dezembro/2018) |  |  |  |  |  |  | 
2018;97;1;slu_2018_p097_t1.csv;4;2;PERCENTUAL DE RECUPERAÇÃO DE RECICLÁVEIS DA COLETA SELETIVA | VALOR PAGO
2018;98;1;slu_2018_p098_t1.csv;17;7;Cooperativa | Vigência do Contrato | Valor Mensal previsto | Valor Unitário por tonelada triada | Peso máximo por mês apresentado (t) | Peso máximo previsto em contrato (t) | Nº Catadores
2018;99;1;slu_2018_p099_t1.csv;7;14; | Jan | Fev | Mar | Abr | Mai | Jun | Jul | Ago | Set | Out | Nov | Dez | Total
2018;104;1;slu_2018_p104_t1.csv;7;3;Categoria de Resíduo | Desvio (T) | Percentual de Desvio
2018;105;1;slu_2018_p105_t1.csv;17;8;SITUAÇÃO DAS ORGANIZAÇÕES DE CATADORES NO DF - DADOS DE DEZ/2018 |  |  |  |  |  |  | 
2018;106;1;slu_2018_p106_t1.csv;21;8;5 | Cooperdife | 4 | 45 | 49 | Sobradinho I | Gilmar | 9278-1983
2018;107;1;slu_2018_p107_t1.csv;22;9;COOPERATIVAS DE CATADORES SEM CONTRATO COM O SLU |  |  |  |  |  |  |  | 
2018;107;2;slu_2018_p107_t2.csv;2;3;TOTAL DE CATADORES | 1.613 | 100%
2018;109;1;slu_2018_p109_t1.csv;7;3;COOPERATIVA/ ASSOCIAÇÃO | LOCAL DE PRESTAÇÃO DE SERVIÇO INICIAL | LOCAL DE PRESTAÇÃO DE SERVIÇO ATUAL
2018;110;1;slu_2018_p110_t1.csv;7;2;COOPERATIVA/ASSOCIAÇÃO | LOCAL DO GALPÃO
2018;113;1;slu_2018_p113_t1.csv;5;4;ACIDENTES NAS IRRs |  |  | 
2018;136;1;slu_2018_p136_t1.csv;14;4;Mês | NURES (Usina da Ceilândia) | NUCOP (Usina da Asa Sul) | Total Mensal (t)
2018;137;1;slu_2018_p137_t1.csv;7;2;Ano | Composto (T)
2018;137;2;slu_2018_p137_t2.csv;14;7;Mês | Produção | Rejeito do composto | Doação (quant. entregue) | Venda (quant. entregue) | Doação no trimestre | Venda no trimestre
2018;138;1;slu_2018_p138_t1.csv;10;2;Venda de Composto Orgânico (R$) | 
2018;140;1;slu_2018_p140_t1.csv;14;8;Mês | Gama | Asa Norte | Sobradinho | Planaltina | Recanto das Emas | Total Mensal (ton.) | Total janeiro a dezembro de 2018 (ton.)
2018;142;1;slu_2018_p142_t1.csv;11;8;Localidade/data de inauguração da unidade |  | Entulho (t) | Volumosos (t) | Podas (t) | Recicláveis (t) | Óleo (l) | Total recebido
2018;151;1;slu_2018_p151_t1.csv;28;5;Endereço | Setor Habitacional | RA | Data | Nº
2018;152;1;slu_2018_p152_t1.csv;30;5;Endereço | Setor Habitacional | RA | Data | Nº
2018;153;1;slu_2018_p153_t1.csv;30;5;Endereço | Setor Habitacional | RA | Data | Nº
2018;154;1;slu_2018_p154_t1.csv;17;5;Endereço | Setor Habitacional | RA | Data | Nº
2018;157;1;slu_2018_p157_t1.csv;24;3;DATA | ACIDENTE | TOTAL
2018;158;1;slu_2018_p158_t1.csv;26;3;26/04/2017 | Ferimento na perna durante compactação de entulho por pedaço de tronco que atravessou o vidro da máquina. | 27
2018;159;1;slu_2018_p159_t1.csv;4;5;Aterro Controlado do Jóquei |  |  |  | 
2018;162;1;slu_2018_p162_t1.csv;14;5;Mês | Remoção Manual | Remoção Mecanizada | Outros | Total
2018;164;1;slu_2018_p164_t1.csv;14;5;Mês | Remoção Manual | Remoção Mecanizada | Outros | Total
2018;166;1;slu_2018_p166_t1.csv;3;3;Médias Mensais |  | 
2018;167;1;slu_2018_p167_t1.csv;6;4;UNIDADE DE RECEBIMENTO DE ENTULHO |  |  | 
2018;167;2;slu_2018_p167_t2.csv;5;6;UNIDADE DE RECEBIMENTO DE ENTULHO |  |  |  |  | 
2018;168;1;slu_2018_p168_t1.csv;4;4; | 2017 | 2018 | 
2018;169;1;slu_2018_p169_t1.csv;14;7;2018 | Resíduos sólidos domiciliares (t) | Resíduo de Caixa de gordura (t) | Animais mortos (t) | Resíduo sólido da Estação de Tratamento de Esgoto (t) | Resíduos sólidos de Grandes Geradores (t) | To
2018;172;1;slu_2018_p172_t1.csv;6;4;Etapa | Área (m²) | Capacidade (t) | Vida Útil (anos)
2018;178;1;slu_2018_p178_t1.csv;17;16; | CUSTOS DA COLETA SELETIVA (R$) - 2018 - Valor Ambiental Lote IV |  |  |  |  |  |  |  |  |  |  |  |  |  | 
2018;178;2;slu_2018_p178_t2.csv;2;2;Pagamentos referentes à repactuação de valores dos contratos (R$)-2018 | 
2018;180;1;slu_2018_p180_t1.csv;5;3;Aterro do Jóquei - Aterramento 2018 ( R$) |  | 
2018;181;1;slu_2018_p181_t1.csv;17;4;URE - Operação em 2018 – (R$) |  |  | 
2018;182;1;slu_2018_p182_t1.csv;16;3;Aterro Sanitário de Brasília - Aterramento (2018) |  | 
2018;185;1;slu_2018_p185_t1.csv;2;6;Atividade | Unidade | Ano 2016 | Ano 2017 -A | Ano 2018 -B | Comparativo B/A (%)
2018;194;1;slu_2018_p194_t1.csv;3;5;Instrumento Legal | Parecer Jurídico | Notas Técnicas | Despachos | Ofícios
2018;202;1;slu_2018_p202_t1.csv;22;3;Atividades mobilização e educação ambiental em 2018 | Nº DE AÇÕES | PESSOAS ATENDIDAS
2018;218;1;slu_2018_p218_t1.csv;6;3;INSTITUIÇÃO | TIPO DE PARCERIA | RESULTADO
2018;219;1;slu_2018_p219_t1.csv;14;10;Controle de clipping - 2018 |  |  |  |  |  |  |  |  | 
2018;220;1;slu_2018_p220_t1.csv;12;14;MONITORAMENTO DE DEMANDAS |  |  |  |  |  |  |  |  |  |  |  |  | 
2018;221;1;slu_2018_p221_t1.csv;9;14;Entrevistas concedidas |  |  |  |  |  |  |  |  |  |  |  |  | 
2018;222;1;slu_2018_p222_t1.csv;15;4; | Site SLU | FACEBOOK | Intranet SLU
2018;226;1;slu_2018_p226_t1.csv;2;3; | Lixão fechado | 
2018;227;1;slu_2018_p227_t1.csv;2;3; | SLU recolhe 117 toneladas de resíduos no carnaval | 
2018;227;2;slu_2018_p227_t2.csv;2;3; | Cooperativas iniciam coleta seletiva em dez regiões administrativas | 
2018;228;1;slu_2018_p228_t1.csv;2;3; | Entregue a nova Escola Classe Guariroba para 500 alunos | 
2018;228;2;slu_2018_p228_t2.csv;2;3; | Governador reestrutura tabela de vencimentos dos servidores do SLU | 
2018;228;3;slu_2018_p228_t3.csv;2;2; | Governador assina novo Plano de Gestão integrada de Resíduos do DF
2018;229;1;slu_2018_p229_t1.csv;2;3; | Ibram emite licença ambiental para as atividades na URE | 
2018;229;2;slu_2018_p229_t2.csv;2;3; | Experiência do DF no fechamento do lixão será apresentada em congresso internacional | 
2018;229;3;slu_2018_p229_t3.csv;2;3; | SLU reconhece blocos de carnaval que contribuíram com a limpeza urbana | 
2018;230;1;slu_2018_p230_t1.csv;2;3; | Controle de transporte de resíduos começa a ser cobrado | 
2018;230;2;slu_2018_p230_t2.csv;2;3; | SLU está entre as 113 instituições brasileiras reconhecidas com o selo Resgata | 
2018;230;3;slu_2018_p230_t3.csv;2;3; | Voluntários do “Eu Ajudei a Fechar o Lixão” recebem certificados | 
2018;231;1;slu_2018_p231_t1.csv;2;3; | Grupo de Trabalho do Conlurb avalia Relatório Anual 2017 | 
2018;231;2;slu_2018_p231_t2.csv;2;3; | Eleito o casal gari mais bonito de 2018 | 
2018;232;1;slu_2018_p232_t1.csv;2;3; | Inscrições para Voluntários da Coleta Seletiva continuam abertas | 
2018;232;2;slu_2018_p232_t2.csv;2;3; | Senai capacita catadores dos galpões com curso de informática | 
2018;232;3;slu_2018_p232_t3.csv;2;3; | “Compromisso por Brasília” faz segunda visita técnica às unidades do SLU | 
2018;233;1;slu_2018_p233_t1.csv;2;3; | Coleta seletiva como estratégia de prevenção e saúde | 
2018;233;2;slu_2018_p233_t2.csv;2;3; | Conlurb vai criar Câmara temática de Educação Ambiental | 
2018;233;3;slu_2018_p233_t3.csv;2;3; | Experiência sobre o fechamento do lixão de Brasília é apresentada em Pernambuco | 
2018;234;1;slu_2018_p234_t1.csv;2;3; | Ceilândia recebe o primeiro Papa Lixo fabricado no DF | 
2018;234;2;slu_2018_p234_t2.csv;2;3; | Brasília sedia o 1º Congresso Internacional Cidades Lixo Zero | 
2018;234;3;slu_2018_p234_t3.csv;2;3; | SLU destaca a Lei dos Grandes Geradores em reunião com embaixadas | 
2018;235;1;slu_2018_p235_t1.csv;2;3; | Catadores recebem benefícios e cuidados com a saúde e beleza | 
2018;235;2;slu_2018_p235_t2.csv;2;3; | Cobrança para descarte de entulho da construção civil começa em 15 de junho | 
2018;235;3;slu_2018_p235_t3.csv;2;3; | SLU na Virada do Cerrado | 
2018;236;1;slu_2018_p236_t1.csv;2;3; | Catadores ficam impressionados com nova IRR do P Sul | 
2018;236;2;slu_2018_p236_t2.csv;2;3; | Autorizado o concurso público para o SLU | 
2018;237;1;slu_2018_p237_t1.csv;2;3; | Brasília ganha primeira unidade de recuperação de recicláveis | 
2018;237;2;slu_2018_p237_t2.csv;2;3; | Inscrições abertas para o programa Agentes de Cidadania Ambiental | 
2018;237;3;slu_2018_p237_t3.csv;2;3; | Coleta seletiva no DF muda a partir do dia 30 de julho | 
2018;238;1;slu_2018_p238_t1.csv;2;3; | Pregão para serviço de monitoramento e manutenção da URE é reaberto | 
2018;238;2;slu_2018_p238_t2.csv;2;3; | Copa Gari DF realiza segunda edição | 
2018;239;1;slu_2018_p239_t1.csv;2;3; | Arte Seletiva agita a rodoviária no Dia Mundial da Limpeza Urbana | 
2018;239;2;slu_2018_p239_t2.csv;2;3; | SLU entrega certificado de conclusão de curso aos catadores | 
2018;240;1;slu_2018_p240_t1.csv;2;3; | Servidores do SLU homenageados no Dia do Cerrado na CLDF | 
2018;240;2;slu_2018_p240_t2.csv;2;3; | 74 Papa Lixos já foram instalados no DF | 
2018;240;3;slu_2018_p240_t3.csv;2;3; | SLU capacita catadores para o programa “Agentes de Cidadania Ambiental” | 
2018;241;1;slu_2018_p241_t1.csv;2;3; | SLU e MPDFT discutem coleta seletiva da Octogonal e Sudoeste | 
2018;241;2;slu_2018_p241_t2.csv;2;3; | Voto popular elege Kátia Campos vencedora do Prêmio CEBDF de liderança feminina | 
2018;242;1;slu_2018_p242_t1.csv;2;3; | Última ação do Clean Up Day Brasília: mobilização de limpeza em São Sebastião | 
2018;242;2;slu_2018_p242_t2.csv;2;3; | Fechamento do Lixão no 13º Seminário Nacional de Resíduos Sólidos | 
2018;243;1;slu_2018_p243_t1.csv;2;3; | SLU é premiado por ser o único a fechar um dos 50 maiores lixões do mundo | 
2018;243;2;slu_2018_p243_t2.csv;2;3; | Missão da Palestina conhece o modelo de gestão de resíduos do SLU | 
2018;243;3;slu_2018_p243_t3.csv;2;3; | Trabalho das cooperativas nas centrais de triagem do SLU é regulamentado | 
2018;244;1;slu_2018_p244_t1.csv;2;3; | Fechamento do Lixão da Estrutural: exemplo a ser seguido no mundo | 
2018;244;2;slu_2018_p244_t2.csv;2;3; | Papa Entulho da Asa Sul começa a funcionar | 
2018;245;1;slu_2018_p245_t1.csv;2;3; | Segundo papa-entulho de Brazlândia começa a funcionar | 
2018;245;2;slu_2018_p245_t2.csv;2;3; | Assosíndicos e SLU premiam condomínios com melhores práticas de coleta seletiva | 
2018;246;1;slu_2018_p246_t1.csv;2;3; | Instalação de Recuperação de Resíduos é inaugurada no SCIA | 
2018;246;2;slu_2018_p246_t2.csv;2;3; | SLU ganha reconhecimento do Índice de Transparência Ativa 2018 | 
2019;10;1;slu_2019_p010_t1.csv;14;2;RA | POPULAÇÃO
2019;10;2;slu_2019_p010_t2.csv;14;2;RIDE | POPULAÇÃO
2019;11;1;slu_2019_p011_t1.csv;19;2;Paranoá | 72.871
2019;11;2;slu_2019_p011_t2.csv;18;2;Corumbá de Goiás | 11.050
2019;15;1;slu_2019_p015_t1.csv;3;11;INDICADOR | UNIDADE DE MEDIDA | ÍNDICE MAIS RECENTE | DESEJADO EM 2016 | ALCANÇADO EM 2016 | DESEJADO EM 2017 | ALCANÇADO EM 2017 | DESEJADO EM 2018 | ALCANÇADO EM 2018 | DESEJADO EM 2019 | ALCANÇADO 
2019;18;1;slu_2019_p018_t1.csv;12;6;SÉRIE HISTÓRICA DOS QUANTITATIVOS ALCANÇADOS NA EXECUÇÃO DOS SERVIÇOS |  |  |  |  | 
2019;19;1;slu_2019_p019_t1.csv;10;6;Resíduos processados em usinas de tratamento | T | 230.916 | 238.851 | 225.357 | - 5,65
2019;25;1;slu_2019_p025_t1.csv;15;6;FORÇA DE TRABALHO |  |  |  |  | 
2019;26;1;slu_2019_p026_t1.csv;8;4;DIRETORIAS | COM CARGO | SEM CARGO | TOTAL
2019;26;2;slu_2019_p026_t2.csv;9;4;COMPOSIÇÃO DE PREENCHIMENTO DE CARGOS COMISSIONADOS |  |  | 
2019;27;1;slu_2019_p027_t1.csv;16;2;ATOS DE CONCESSÃO DE APOSENTADORIA | 
2019;28;1;slu_2019_p028_t1.csv;17;4;NOME |  | LOTAÇÃO | ESPECIALIDADE
2019;29;1;slu_2019_p029_t1.csv;19;4;17 | Pedro Henrique Ferreira Castro Magalhaes | Diretoria Técnica | Engenharia de Segurança do Trabalho
2019;30;1;slu_2019_p030_t1.csv;13;4;36 | Andrea Rodrigues de Almeida | Presidência | Engenharia Ambiental
2019;31;1;slu_2019_p031_t1.csv;9;6;PALESTRAS, CURSOS E TREINAMENTOS DO VEM SABER 2019 |  |  |  |  | 
2019;31;3;slu_2019_p031_t3.csv;7;4;TIPO | EVENTO | ÓRGÃO | NÚMERO DE SERVIDORES CERTIFICADOS
2019;32;1;slu_2019_p032_t1.csv;22;4;Curso | Sistema de Patrimônio Público (SPP) | Egov | 3
2019;33;1;slu_2019_p033_t1.csv;17;4;Workshop | Workshop sobre a Lei de Acesso à Informação e o Sistema Eletrônico de Informações (SEI) |  | 2
2019;34;1;slu_2019_p034_t1.csv;13;4;Curso no Brasil e exterior | Curso de treinamento “Designing of E-Waste Management (JICA) | Japão | 1
2019;35;1;slu_2019_p035_t1.csv;13;17;N° | Pessoal limpeza urbana | Operacional |  |  |  |  |  |  |  |  | Apoio |  |  |  | Catadores Beneficiados Indiretamente | Total
2019;36;1;slu_2019_p036_t1.csv;6;17;11 | Associação de reciclagem do Varjão – CRV |  | 3 |  | 2 |  |  | 2 |  | 1 |  |  | 1 |  | 18 | 27
2019;36;2;slu_2019_p036_t2.csv;4;24;N° | Pessoal ASB, URE, cooperativa/ associação e usinas | megairT /rodataC | osiP ed lacsiF | aniuqáM ed rodarepO | atsirotoM | sodagerracnE | etnevreS | lanoicarepO laosseP | ovitartsinimdA laosseP |
2019;37;1;slu_2019_p037_t1.csv;20;24;4 | RECICLE A VIDA | 51 |  |  |  |  |  |  |  |  |  |  |  |  |  |  |  |  |  |  |  |  | 51
2019;38;1;slu_2019_p038_t1.csv;10;21;Equipamentos limpeza urbana | roteloc rodatcapmoc oãhnimaC | úab roteloc oãhnimaC | aloiag oãhnimaC | úab oãhnimaC | no-llor oãhnimaC | ocot abmaçaC | abmaçac etnalucsab oãhnimaC | + ocinâcem euqoberr
2019;39;1;slu_2019_p039_t1.csv;8;21;Coop. Cooperdife |  |  |  |  | 1 |  |  |  |  |  |  |  |  |  |  |  |  |  |  | 1
2019;39;2;slu_2019_p039_t2.csv;4;22;Equipamentos dos aterros | /oiopa oãçazilacsfi ed olucíeV | aciluárdih ariedavacsE | icetsaba )asolem( ed oãhnimaC otnem | arodatropsnart emurohc aterraC ed | apip oãhnimaC | arodalevinotoM | airecorr
2019;40;1;slu_2019_p040_t1.csv;17;6;DIVISÃO DO ORÇAMENTO (R$) - 2019 |  |  |  |  | 
2019;42;1;slu_2019_p042_t1.csv;15;5;Fonte |  |  |  | 
2019;43;1;slu_2019_p043_t1.csv;10;7;EXERCÍCIO | LOA - RECEITAS | VARIAÇÃO PERCENTUAL | AUMENTO ABSOLUTO | DESPESAS | VARIAÇÃO PERCENTUAL | AUMENTO ABSOLUTO
2019;43;2;slu_2019_p043_t2.csv;3;2;Média Lei Orçamentaria Anual | 419.157.103
2019;43;3;slu_2019_p043_t3.csv;3;2;Média Despesa | 448.576.577
2019;44;1;slu_2019_p044_t1.csv;4;4;114-LIMPEZA PÚBLICA |  |  | 
2019;44;2;slu_2019_p044_t2.csv;3;2;2008 | 88.899.388,98
2019;44;3;slu_2019_p044_t3.csv;3;2;2011 | 106.351.621,97
2019;44;4;slu_2019_p044_t4.csv;3;2;2014 | 130.782.508,70
2019;45;1;slu_2019_p045_t1.csv;11;5;TAXA DE LIMPEZA PÚBLICA NO DF |  |  |  | 
2019;46;1;slu_2019_p046_t1.csv;16;7; |  | Tipo de Despesa |  |  |  | 
2019;47;1;slu_2019_p047_t1.csv;14;10;CONTRATOS/CONVÊNIOS |  | ASSINADOS |  |  |  |  | VENCIDOS | VIGENTES | TOTAL
2019;48;1;slu_2019_p048_t1.csv;14;9;Nº | CONTRATO | EMPRESA | DATA DE ASSINATURA/ INÍCIO DA VIGÊNCIA | OBJETO | DATA DO TÉRMINO DA VIGÊNCIA | VALOR (R$) | EXECUTORES E SUPLENTES | OBS
2019;49;1;slu_2019_p049_t1.csv;10;9;Nº | CONTRATO | EMPRESA | DATA DE ASSINATURA/ INÍCIO DA VIGÊNCIA | OBJETO | DATA DO TÉRMINO DA VIGÊNCIA | VALOR (R$) | EXECUTORES E SUPLENTES | OBS
2019;50;1;slu_2019_p050_t1.csv;11;9;Nº | CONTRATO | EMPRESA | DATA DE ASSINATURA/ INÍCIO DA VIGÊNCIA | OBJETO | DATA DO TÉRMINO DA VIGÊNCIA | VALOR (R$) | EXECUTORES E SUPLENTES | OBS
2019;51;1;slu_2019_p051_t1.csv;4;9;Nº | CONTRATO | EMPRESA | DATA DE ASSINATURA/ INÍCIO DA VIGÊNCIA | OBJETO | DATA DO TÉRMINO DA VIGÊNCIA | VALOR (R$) | EXECUTORES E SUPLENTES | OBS
2019;51;2;slu_2019_p051_t2.csv;11;9;Nº | CONTRATO | EMPRESA | DATA DE ASSINATURA/ INÍCIO DA VIGÊNCIA | OBJETO | DATA DO TÉRMINO DA VIGÊNCIA | VALOR (R$) | EXECUTORES E SUPLENTES | OBS
2019;52;1;slu_2019_p052_t1.csv;3;9;Nº | CONTRATO | EMPRESA | DATA DE ASSINATURA/ INÍCIO DA VIGÊNCIA | OBJETO | DATA DO TÉRMINO DA VIGÊNCIA | VALOR (R$) | EXECUTORES E SUPLENTES | OBS
2019;52;2;slu_2019_p052_t2.csv;7;9;Nº | CONTRATO | EMPRESA | DATA DE ASSINATURA/ INÍCIO DA VIGÊNCIA | OBJETO | DATA DO TÉRMINO DA VIGÊNCIA | VALOR (R$) | EXECUTORES E SUPLENTES | OBS
2019;53;1;slu_2019_p053_t1.csv;7;9;Nº | CONTRATO | EMPRESA | DATA DE ASSINATURA/ INÍCIO DA VIGÊNCIA | OBJETO | DATA DO TÉRMINO DA VIGÊNCIA | VALOR (R$) | EXECUTORES E SUPLENTES | OBS
2019;54;1;slu_2019_p054_t1.csv;11;9;Nº | CONTRATO | EMPRESA | DATA DE ASSINATURA/ INÍCIO DA VIGÊNCIA | OBJETO | DATA DO TÉRMINO DA VIGÊNCIA | VALOR (R$) | EXECUTORES E SUPLENTES | OBS
2019;55;1;slu_2019_p055_t1.csv;11;9;Nº | CONTRATO | EMPRESA | DATA DE ASSINATURA/ INÍCIO DA VIGÊNCIA | OBJETO | DATA DO TÉRMINO DA VIGÊNCIA | VALOR (R$) | EXECUTORES E SUPLENTES | OBS
2019;56;1;slu_2019_p056_t1.csv;11;9;Nº | CONTRATO | EMPRESA | DATA DE ASSINATURA/ INÍCIO DA VIGÊNCIA | OBJETO | DATA DO TÉRMINO DA VIGÊNCIA | VALOR (R$) | EXECUTORES E SUPLENTES | OBS
2019;57;1;slu_2019_p057_t1.csv;10;9;Nº | CONTRATO | EMPRESA | DATA DE ASSINATURA/ INÍCIO DA VIGÊNCIA | OBJETO | DATA DO TÉRMINO DA VIGÊNCIA | VALOR (R$) | EXECUTORES E SUPLENTES | OBS
2019;58;1;slu_2019_p058_t1.csv;3;8;Nº | CONTRATO | EMPRESA | DATA DE ASSINATURA/ INÍCIO DA VIGÊNCIA | OBJETO | TÉRMINO DA VIGÊNCIA | VALOR (R$) | EXECUTORES E SUPLENTES
2019;58;2;slu_2019_p058_t2.csv;11;9;Nº | SEDE | NÚCLEO | RA | ENDEREÇO | PROPRIEDADE | SITUAÇÃO | ÁREA TOTAL | ÁREA CONSTRUÍDA
2019;59;1;slu_2019_p059_t1.csv;12;9;Nº | SEDE | NÚCLEO | RA | ENDEREÇO | PROPRIEDADE | SITUAÇÃO | ÁREA TOTAL | ÁREA CONSTRUÍDA
2019;60;1;slu_2019_p060_t1.csv;15;9;Nº | SEDE | NÚCLEO | RA | ENDEREÇO | PROPRIEDADE | SITUAÇÃO | ÁREA TOTAL | ÁREA CONSTRU- ÍDA
2019;61;1;slu_2019_p061_t1.csv;12;9;Nº | SEDE | NÚCLEO | RA | ENDEREÇO | PROPRIEDADE | SITUAÇÃO | ÁREA TOTAL | ÁREA CONSTRUÍDA
2019;62;1;slu_2019_p062_t1.csv;13;9;Nº | SEDE | NÚCLEO | RA | ENDEREÇO | PROPRIEDADE | SITUAÇÃO | ÁREA TOTAL | ÁREA CONSTRUÍDA
2019;63;1;slu_2019_p063_t1.csv;9;14;DESPESAS COM ÁGUA, LUZ E TELEFONE (R$) |  |  |  |  |  |  |  |  |  |  |  |  | 
2019;64;1;slu_2019_p064_t1.csv;6;14;DESPESAS COM ALUGUEL (R$) |  |  |  |  |  |  |  |  |  |  |  |  | 
2019;64;2;slu_2019_p064_t2.csv;7;7;DESCRIÇÃO DO MATERIAL | ANO BASE |  |  |  |  | 
2019;64;3;slu_2019_p064_t3.csv;4;7;RELAÇÃO DOS VEÍCULOS A SERVIÇO DO SLU |  |  |  |  |  | 
2019;65;1;slu_2019_p065_t1.csv;13;7;GERÊNCIA REGIONAL CENTRO SUL /GESUL |  |  |  |  |  | 
2019;65;2;slu_2019_p065_t2.csv;13;7;GERÊNCIA REGIONAL CENTRO NORTE /GENOR |  |  |  |  |  | 
2019;66;1;slu_2019_p066_t1.csv;9;7;GERÊNCIA REGIONAL OESTE/ GEOES |  |  |  |  |  | 
2019;66;2;slu_2019_p066_t2.csv;10;7;GERÊNCIA DE ATERRO- GERAT |  |  |  |  |  | 
2019;66;3;slu_2019_p066_t3.csv;3;7;GERÊNCIA DE TRATAMENTO- GETRA |  |  |  |  |  | 
2019;66;4;slu_2019_p066_t4.csv;6;7;INSTALAÇÕES DE RECUPERAÇÃO DE RESÍDUOS |  |  |  |  |  | 
2019;67;1;slu_2019_p067_t1.csv;6;7;DIRETORIA TÉCNICA |  |  |  |  |  | 
2019;67;2;slu_2019_p067_t2.csv;4;7;ASSESSORIA DE COMUNICAÇÃO E MOBILIZAÇÃO |  |  |  |  |  | 
2019;67;3;slu_2019_p067_t3.csv;3;7;DIRETORIA DE GESTÃO TECNOLÓGICA |  |  |  |  |  | 
2019;67;4;slu_2019_p067_t4.csv;6;7;DIRETORIA DE ADMINISTRAÇÃO E FINANÇAS |  |  |  |  |  | 
2019;70;1;slu_2019_p070_t1.csv;6;15;COLETA E TRANSPORTE DE RESÍDUOS SÓLIDOS DOMICILIARES E DE VARRIÇÃO (EM TONELADAS) |  |  |  |  |  |  |  |  |  |  |  |  |  | 
2019;71;1;slu_2019_p071_t1.csv;6;15;COLETA MANUAL E TRANSPORTE DE ENTULHO (EM TONELADAS) |  |  |  |  |  |  |  |  |  |  |  |  |  | 
2019;71;2;slu_2019_p071_t2.csv;6;15;COLETA MECANIZADA E TRANSPORTE DE ENTULHO (EM TONELADAS) |  |  |  |  |  |  |  |  |  |  |  |  |  | 
2019;72;1;slu_2019_p072_t1.csv;6;15;VARRIÇÃO MANUAL DE VIAS E LOGRADOUROS PÚBLICOS (EM QUILÔMETROS) |  |  |  |  |  |  |  |  |  |  |  |  |  | 
2019;72;2;slu_2019_p072_t2.csv;6;15;VARRIÇÃO MECANIZADA DE VIAS (EM QUILÔMETROS) |  |  |  |  |  |  |  |  |  |  |  |  |  | 
2019;73;1;slu_2019_p073_t1.csv;7;15;COLETA SELETIVA (EM TONELADAS) |  |  |  |  |  |  |  |  |  |  |  |  |  | 
2019;73;2;slu_2019_p073_t2.csv;6;15;PINTURA DE MEIO-FIO (EM QUILÔMETROS) |  |  |  |  |  |  |  |  |  |  |  |  |  | 
2019;74;1;slu_2019_p074_t1.csv;6;15;PINTURA MECANIZADA DE MEIO-FIO E FRISAGEM (EQUIPES) |  |  |  |  |  |  |  |  |  |  |  |  |  | 
2019;74;2;slu_2019_p074_t2.csv;6;15;TRANSBORDO (EM TONELADAS) |  |  |  |  |  |  |  |  |  |  |  |  |  | 
2019;75;1;slu_2019_p075_t1.csv;4;15;Sobradinho (Rejeito de resíduo) | 11.051 | 9.539 | 10.537 | 7.195 | 10.301 | 8.819 | 9.110 | 8.468 | 7.823 | 10.185 | 10.932 | 12.252 | 116.213 | 9.684
2019;75;2;slu_2019_p075_t2.csv;5;15;ATERRAMENTO (EM TONELADAS) |  |  |  |  |  |  |  |  |  |  |  |  |  | 
2019;76;1;slu_2019_p076_t1.csv;5;15; | JAN | FEV | MAR | ABR | MAI | JUN | JUL | AGO | SET | OUT | NOV | DEZ | TOTAL | MÉDIA
2019;76;2;slu_2019_p076_t2.csv;3;15;COLETA E TRANSPORTE DOS RESÍDUOS SÓLIDOS DOS SERVIÇOS DE SAÚDE (EM TONELADAS) |  |  |  |  |  |  |  |  |  |  |  |  |  | 
2019;77;1;slu_2019_p077_t1.csv;5;15;PROCESSAMENTO DOS RESÍDUOS NAS USINAS DE CEILÂNDIA E ASA SUL (EM TONELADAS) |  |  |  |  |  |  |  |  |  |  |  |  |  | 
2019;78;1;slu_2019_p078_t1.csv;15;4;PRODUÇÃO DE COMPOSTO ORGÂNICO |  |  | 
2019;79;1;slu_2019_p079_t1.csv;16;3;QUADRO DEMONSTRATIVO COMPOSTAGEM |  | 
2019;80;1;slu_2019_p080_t1.csv;3;3; | 2018 19 JANEIRO A DEZEMBRO | 2019 JANEIRO A DEZEMBRO
2019;81;1;slu_2019_p081_t1.csv;14;7;2019 | RESÍDUOS SÓLIDOS DOMICILIARES (KG) | CAIXA DE GORDURA (KG) | ANIMAIS MORTOS (KG) | CAESB (KG) | GRANDES GERADO- RES (KG) | TOTAL (T)
2019;81;2;slu_2019_p081_t2.csv;6;4;ETAPA | ÁREA (M²) | CAPACIDADE (T) | VIDA ÚTIL (ANOS)
2019;83;1;slu_2019_p083_t1.csv;15;6;NÚMERO DE VIAGENS |  |  |  |  | 
2019;84;1;slu_2019_p084_t1.csv;16;6;MÉDIA DE PESO POR VEÍCULO |  |  |  |  | 
2019;85;1;slu_2019_p085_t1.csv;16;6;PESO LÍQUIDO POR MÊS |  |  |  |  | 
2019;89;1;slu_2019_p089_t1.csv;21;3;LOCALIZAÇÃO DOS PAPA LIXOS INSTALADOS |  | 
2019;90;1;slu_2019_p090_t1.csv;21;3;SHSL Em frente à Qd. 21 Lote 210 ao lado da Qd. 24 - Parada do prefeito | Santa Luzia | 20
2019;91;1;slu_2019_p091_t1.csv;21;3;SHA Conj. 05 Ch. 124 Lotes 1 a 30 (em frente) Arniqueiras - Entrada Batcaverna | Arniqueiras | 41
2019;92;1;slu_2019_p092_t1.csv;21;3;SHSN Qd. 36 Conj. H - Madureira em frente à BA Reciclagem (Trecho I) | Sol Nascente | 62
2019;93;1;slu_2019_p093_t1.csv;19;3;SHSN Ch. 99 Cond. Gilliard | Sol Nascente | 83
2019;98;1;slu_2019_p098_t1.csv;15;4;IRR | Nº DE ACIDENTES | MÊS DO OCORRIDO | CAUSA
2019;102;1;slu_2019_p102_t1.csv;17;18;COOPERATIVAS CONTRATADAS PELO SLU |  |  |  |  |  |  |  |  |  |  |  |  |  |  |  |  | 
2019;103;1;slu_2019_p103_t1.csv;3;11;6 | Coopere | QNP 28 AE - IRR - Ceilândia/DF | 10.756.259/0001-10 | 9 | 37 | 46 | Riacho Fundo I e Riacho Fundo II | José Salustiano | 8169-4584 | coopere.recicle@gmail.com
2019;103;2;slu_2019_p103_t2.csv;18;11;Cooperativas/Associações com contratos só de triagem |  |  |  |  |  |  |  |  |  | 
2019;104;1;slu_2019_p104_t1.csv;20;11;COOPERATIVAS SEM CONTRATO COM O SLU |  |  |  |  |  |  |  |  |  | 
2019;104;2;slu_2019_p104_t2.csv;2;3;Total de Catadores | 1455 | 100%
2019;106;1;slu_2019_p106_t1.csv;12;3;QUADRO RESUMO DA GESTÃO DAS IRR EM FUNCIONAMENTO |  | 
2019;106;2;slu_2019_p106_t2.csv;5;2;TABELA: FAIXAS DE APROVEITAMENTO PARA PAGAMENTO DA PRESTAÇÃO DO SERVIÇO DE TRIAGEM | 
2019;107;1;slu_2019_p107_t1.csv;20;6;CONTRATOS E RESULTADOS DA TRIAGEM POR COOPERATIVAS |  |  |  |  | 
2019;108;1;slu_2019_p108_t1.csv;11;5;TABELA: CONTRATOS DE TRIAGEM NAS IRRS |  |  |  | 
2019;108;2;slu_2019_p108_t2.csv;8;8;GALPÃO PSUL |  |  |  |  |  |  | 
2019;109;1;slu_2019_p109_t1.csv;8;8;Coopere | Mês | Quantidade mensal recebida (kg) | Quantidade mensal de rejeito (contêiner) | Plasferro | Mês | Quantidade mensal recebida (kg) | Quantidade mensal de rejeito (contêiner)
2019;109;2;slu_2019_p109_t2.csv;2;3;TOTAL GALPÃO PSUL | Quantidade mensal recebida (kg) | Quantidade mensal de rejeito (contêiner)
2019;109;3;slu_2019_p109_t3.csv;15;8;GALPÃO SAAN |  |  |  |  |  |  | 
2019;109;4;slu_2019_p109_t4.csv;2;3;TOTAL GALPÃO SAAN | Quantidade mensal recebida (kg) | Quantidade mensal de rejeito (contêiner)
2019;110;1;slu_2019_p110_t1.csv;15;4;GALPÃO SCIA |  |  | 
2019;111;1;slu_2019_p111_t1.csv;15;12;GALPÃO SCIA NOVO |  |  |  |  |  |  |  |  |  |  | 
2019;111;2;slu_2019_p111_t2.csv;2;3;TOTAL GALPÃO SCIA NOVO | Quantidade mensal recebida (kg) | Quantidade mensal de rejeito (contêiner)
2019;112;1;slu_2019_p112_t1.csv;15;8;GALPÃO SIA B |  |  |  |  |  |  | 
2019;112;2;slu_2019_p112_t2.csv;2;3;TOTAL GALPÃO SIA B | Quantidade mensal recebida (kg) | Quantidade mensal de rejeito (contêiner)
2019;117;1;slu_2019_p117_t1.csv;12;2;PESO MÉDIO DOS CONTÊINERES POR COOPERATIVA | 
2019;117;2;slu_2019_p117_t2.csv;8;8;GALPÃO PSUL |  |  |  |  |  |  | 
2019;118;1;slu_2019_p118_t1.csv;8;8;Coopere | Mês | Quantidade mensal triada (kg) | Aproveitamento esperado (%) | Plasferro | Mês | Quantidade mensal triada (kg) | Aproveitamento esperado (%)
2019;118;2;slu_2019_p118_t2.csv;2;3;TOTAL GALPÃO PSUL | Quantidade mensal triada (kg) | Aproveitamento esperado (%)
2019;118;3;slu_2019_p118_t3.csv;15;8;GALPÃO SAAN |  |  |  |  |  |  | 
2019;118;4;slu_2019_p118_t4.csv;2;3;TOTAL GALPÃO SAAN | Quantidade mensal triada (kg) | Aproveitamento esperado (%)
2019;119;1;slu_2019_p119_t1.csv;15;4;GALPÃO SCIA |  |  | 
2019;120;1;slu_2019_p120_t1.csv;15;12;GALPÃO SCIA NOVO |  |  |  |  |  |  |  |  |  |  | 
2019;120;2;slu_2019_p120_t2.csv;2;3;TOTAL GALPÃO SCIA NOVO | Quantidade mensal triada (kg) | Aproveitamento esperado (%)
2019;121;1;slu_2019_p121_t1.csv;15;8;GALPÃO SIA B |  |  |  |  |  |  | 
2019;121;2;slu_2019_p121_t2.csv;2;3;TOTAL GALPÃO SIA B | Quantidade mensal triada (kg) | Aproveitamento esperado (%)
2019;122;1;slu_2019_p122_t1.csv;13;3;HISTÓRICO DE APROVEITAMENTO ESPERADO CALCULADO POR COOPERATIVA |  | 
2019;126;1;slu_2019_p126_t1.csv;12;4;COOPERATIVA | VIGÊNCIA DO CONTRATO | NÚMERO DO CONTRATO | VALOR DO CONTRATO (ANUAL)
2019;130;1;slu_2019_p130_t1.csv;17;2;MELHORES PREÇOS DO ANO | 
2019;131;1;slu_2019_p131_t1.csv;17;2;PEAD Colorido Fardo | R$1,90
2019;135;1;slu_2019_p135_t1.csv;2;7;ATIVIDADE | UNIDADE | 2016 | 2017 | 2018 -A | 2019 -B | COMPARATIVO B/A (%)
2019;144;1;slu_2019_p144_t1.csv;18;7;ÁREA | ID | NECESSIDADE | ATENDIDAS | SEM PREVISÃO | A LICITAR | TERMO DE REFERÊNCIA
2019;145;1;slu_2019_p145_t1.csv;18;7;Infraestrutura | N18 | Câmeras para leitura de QR code | x |  |  | 
2019;146;1;slu_2019_p146_t1.csv;6;2;QUANTIDADE | DOCUMENTO
2019;153;1;slu_2019_p153_t1.csv;8;4;UNIDADE | SERVIDOR | FUNÇÃO | FORMAÇÃO
2019;154;1;slu_2019_p154_t1.csv;7;7;MATRIZ DE RISCOS |  | PROBABILIDADE (EVENTOS) |  |  |  | 
2019;155;1;slu_2019_p155_t1.csv;3;6;QTD | PROCESSO Nº: | VALOR APURADO: | SERVIDORES DESIGNA- DOS | INSTAURAÇÃO: | FINALIZADO EM
2019;155;2;slu_2019_p155_t2.csv;4;6;QTD | PROCESSO Nº: | INSTAURADO/FI- NALIZADO EM: | CONCLUSÃO: | PRAZO: | OBJETO:
2019;156;1;slu_2019_p156_t1.csv;7;6;QTD | PROCESSO Nº: | INSTAURADO/FI- NALIZADO EM: | CONCLUSÃO: | PRAZO: | OBJETO:
2019;157;1;slu_2019_p157_t1.csv;10;14;ATENDIMENTO À IMPRENSA |  |  |  |  |  |  |  |  |  |  |  |  | 
2019;158;1;slu_2019_p158_t1.csv;7;14;ENTREVISTAS CONCEDIDAS |  |  |  |  |  |  |  |  |  |  |  |  | 
2019;160;1;slu_2019_p160_t1.csv;14;4; | Negativas | Positivas | Neutras
2019;160;2;slu_2019_p160_t2.csv;2;5;Total | Negativas | Positivas | Neutras | Total
2019;161;1;slu_2019_p161_t1.csv;5;2;PRODUÇÃO DE CONTEÚDO PARA VEÍCULOS PRÓPRIOS | 
2019;167;1;slu_2019_p167_t1.csv;17;3;ATIVIDADES DE MOBILIZAÇÃO DE 2019 |  | 
2020;35;1;slu_2020_p035_t1.csv;14;4;TAXA DE RECUPERAÇÃO DE RESÍDUOS SÓLIDOS RECICLADOS SECOS |  |  | 
2020;36;1;slu_2020_p036_t1.csv;13;4;MÊS | COLETA SELETIVA - CS (TONELADAS) | TOTAL COLETADO - T (TONELADAS) | I = CS/T*100 (%)
2020;45;1;slu_2020_p045_t1.csv;16;7;FORÇA DE TRABALHO |  |  |  |  |  | 
2020;46;1;slu_2020_p046_t1.csv;8;4;DIRETORIAS | COM CARGO | SEM CARGO | TOTAL
2020;46;2;slu_2020_p046_t2.csv;8;2;2020 | 
2020;47;1;slu_2020_p047_t1.csv;7;2;JULHO | 9
2020;47;2;slu_2020_p047_t2.csv;5;6;PALESTRAS, CURSOS E TREINAMENTOS COORDENADOS PELO NÚCLEO DE CAPACITAÇÃO 2020 |  |  |  |  | 
2020;48;1;slu_2020_p048_t1.csv;24;5; | SÍNTESE DE PALESTRAS, CURSOS E TREINAMENTOS REALIZADOS POR OUTROS ÓRGÃOS - 2020 |  |  | 
2020;49;1;slu_2020_p049_t1.csv;20;5;ERTSEMIRT º3 | CURSO | Curso a distância: Acordo Ortográfico da Língua Portuguesa | EGOV | 2
2020;50;1;slu_2020_p050_t1.csv;9;17;PESSOAL ENVOLVIDO NA LIMPEZA URBANA - SETEMBRO 2020 |  |  |  |  |  |  |  |  |  |  |  |  |  |  |  | 
2020;51;1;slu_2020_p051_t1.csv;7;23;Pessoal ASB, URE e Usinas | osiP ed lacsiF | aniuqáM ed rodarepO | atsirotoM | sodagerracnE | etnevreS | lanoicarepO railixuA | ovitartsinimdA laosseP | oriehnegnE | megairT /serodataC | leniaP ed rod
2020;52;1;slu_2020_p052_t1.csv;17;6;DIVISÃO DO ORÇAMENTO (R$) - 2020 |  |  |  |  | 
2020;53;1;slu_2020_p053_t1.csv;15;5;VALOR | FONTE |  |  | 
2020;54;1;slu_2020_p054_t1.csv;12;7;QUADRO COMPARATIVO LOA X DESPESA |  |  |  |  |  | 
2020;55;1;slu_2020_p055_t1.csv;8;2;2005 | 60.457.462,85
2020;55;2;slu_2020_p055_t2.csv;8;2;2013 | 133.964.473,00
2020;56;1;slu_2020_p056_t1.csv;12;5;TAXA DE LIMPEZA PÚBLICA (EM R$) |  |  |  | 
2020;56;2;slu_2020_p056_t2.csv;6;3;TIPO DE DESPESA | TOTAL | MÉDIA/MÊS
2020;57;1;slu_2020_p057_t1.csv;6;3;TIPO DE DESPESA | TOTAL | MÉDIA/MÊS
2020;57;2;slu_2020_p057_t2.csv;9;10;PROGRAMA DE TRABALHO | LEI | ALTERAÇÃO | CONTIN- GENCIADO | COTA | BLOQUE- ADO | DESP. AU- TORIZADA | EMPENHADO | DISPONÍ- VEL | LIQUIDADO
2020;58;1;slu_2020_p058_t1.csv;13;10;Manutenção das Atividades de Limpeza Pública | 421.552.225,00 | 9.316.653,00 | 2.591.686,65 | 25.300,33 | 0,00 | 428.251.891,02 | 428.241.745,70 | 10.145,32 | 387.559.418,82
2020;59;1;slu_2020_p059_t1.csv;13;10;(EPI) Construção de Pontos de Entrega Voluntária - PEV's Papa- Entulho (2020) | 330.000,00 | -330.000,00 | 0,00 | 0,00 | 0,00 | 0,00 | 0,00 | 0,00 | 0,00
2020;60;1;slu_2020_p060_t1.csv;3;10;Ressarcimentos, indenizações e restituições | 1.724.000,00 | -527.871,00 | 0,00 | 0,00 | 0,00 | 1.196.129,00 | 1.196.128,05 | 0,95 | 1.190.504,17
2020;60;2;slu_2020_p060_t2.csv;7;8;MANUTENÇÃO ADMINISTRATIVA |  |  |  |  |  |  | 
2020;61;1;slu_2020_p061_t1.csv;8;8;6 | 05/2017 | CEB DISTRIBUIÇÃO | 16/03/2017 | DEMANDA E FORNECIMENTO DE ENERGIA ELÉTRICA PARA O SETOR DE GARAGENS OFICIAIS | 16/03/2022 | TOTAL: R$ 275.000,00 | MARIA DE JESUS DA SILVA / VITÁLIA DE OL
2020;62;1;slu_2020_p062_t1.csv;9;8;14 | 25/2019 | COMBUSTÍVEIS GOLDI | 09/12/2019 | ABASTECIMENTO DE VEÍCULOS | 10/12/2021 | MENSAL: R$ 46.488,00 ANUAL: R$ 557.856,00 | NATÁLIA TEIXEIRA GONÇALVES / LINCOLN CORREIA CABRAL
2020;63;1;slu_2020_p063_t1.csv;9;7;CONVÊNIOS |  |  |  |  |  | 
2020;64;1;slu_2020_p064_t1.csv;3;7;8 | 9146/2019 | CAESB X SLU | 02/12/2019 | Elaboração de um sistema definitivo para tratamento e disposição final do chorume gerado no Aterro Sanitário de Brasília – ASB, abrangendo as etapas de conce
2020;64;2;slu_2020_p064_t2.csv;3;8;Nº | Contrato | Empresa | Data de assinatura/ início da vigência | Objeto | Término da vigência | Valor (R$) | Executores e Suplentes
2020;65;1;slu_2020_p065_t1.csv;4;8;Nº | Contrato | Empresa | Data de assinatura/ Início da vigência | Objeto | Data do término da vigência | Valor (R$) | Executores e Suplentes
2020;65;2;slu_2020_p065_t2.csv;5;8;Nº | Contrato | Empresa | Data de assinatura/ início da vigência | Objeto | Término da vigência | Valor (R$) | Executores e Suplentes
2020;66;1;slu_2020_p066_t1.csv;7;8;5 | 24/2019 | CONSITA TRATAMENTO DE RESIDUOS S/A | 20/09/2019 | SERVIÇO DE COLETA URBANA – LOTE III | 20/09/2024 | R$ 109.763.085,96 | FRANCISCO ALVES MORAIS / ESTER DE SOUZA REIS / DEUSIMAR CARLOS PI
2020;67;1;slu_2020_p067_t1.csv;11;8;Nº | Contrato | Empresa | Data de assinatura/ início da vigência | Objeto | Término da vigência | Valor (R$) | Executores e Suplentes
2020;68;1;slu_2020_p068_t1.csv;11;8;11 | 11/2018 | COOPERE - COOPERATIVA DE TRABALHADORES CATADORES MATERIAIS RECICLÁVEIS E REUTILIZÁVEIS AMBIENTAL | 17/01/2018 | PRESTAÇÃO DE PROCESSAMENTO DE RESÍDUOS SÓLIDOS URBANOS NA RECEPÇÃO, TRIAG
2020;69;1;slu_2020_p069_t1.csv;8;8;22 | 64/2018 | ASSOCIAÇÃO DE CATADORES DE MATERIAIS RECICLAVEIS DO DF - RECICLA BRASÍLIA | 18/12/2018 | COLETA SELETIVA DE RESÍDUOS RECICLÁVEIS | 31/07/2021 | 513.883.56 | ANDRÉ LUIZ JUNQUEIRA GUIMARÃ
2020;69;2;slu_2020_p069_t2.csv;7;8;CONTRATOS/CONVÊNIOS | ATÉ 2015 | 2016 | 2017 | 2018 | 2019 | 2020 | VIGENTES
2020;70;1;slu_2020_p070_t1.csv;7;9;Convênios | FJZB | 1 |  |  |  |  |  | 10
2020;70;2;slu_2020_p070_t2.csv;8;14;EMPRESA | JAN | FEV | MAR | ABR | MAI | JUN | JUL | AGO | SET | OUT | NOV | DEZ | TOTAL
2020;71;1;slu_2020_p071_t1.csv;5;14; | JAN | FEV | MAR | ABR | MAI | JUN | JUL | AGO | SET | OUT | NOV | DEZ | TOTAL
2020;72;1;slu_2020_p072_t1.csv;7;8;DESCRIÇÃO DO MATERIAL | ANO BASE |  |  |  |  |  | 
2020;72;2;slu_2020_p072_t2.csv;6;9;Nº | SEDE | NÚCLEO | RA | ENDEREÇO | PROPRIEDADE | SITUAÇÃO | ÁREA TOTAL | ÁREA CONÍDSTARU-
2020;73;1;slu_2020_p073_t1.csv;13;9;5 | GESUL | NUEST | Cidade Estrutural | AE. Quadra 15, Conj. C1 | TERRACAP | Processo Regularização 00111- 00016598/2017-01 | 7.200 | 766
2020;74;1;slu_2020_p074_t1.csv;15;9;18 | Terreno | NUALM/ NUPAT | Brasília | Setor de Áreas Isoladas norte (SIA/NORTE) | Próprio | Regularizado | 50.000 | 4.150
2020;75;1;slu_2020_p075_t1.csv;14;9;33 | Papa-Entulhos | NUGUA | Guará | SRIA II QE 25 AE 1 CAVE | Administração Regional do Guara | Cedido | 1.000 | 44
2020;76;1;slu_2020_p076_t1.csv;15;2;QUANTIDADE DE VEÍCULOS POR DIRETORIA E UNIDADE OPERACIONAL | 
2020;79;1;slu_2020_p079_t1.csv;6;15;COLETA E TRANSPORTE DE RESÍDUOS SÓLIDOS DOMICILIARES EM ÁREAS COMUNS E DE DIFÍCIL ACESSO (EM TONELADAS) |  |  |  |  |  |  |  |  |  |  |  |  |  | 
2020;79;2;slu_2020_p079_t2.csv;6;15;COLETA MANUAL E TRANSPORTE DE ENTULHO (EM TONELADAS) |  |  |  |  |  |  |  |  |  |  |  |  |  | 
2020;80;1;slu_2020_p080_t1.csv;5;15; | JAN | FEV | MAR | ABR | MAI | JUN | JUL | AGO | SET | OUT | NOV | DEZ | TOTAL LOTE | MÉDIA
2020;81;1;slu_2020_p081_t1.csv;5;15; | JAN | FEV | MAR | ABR | MAI | JUN | JUL | AGO | SET | OUT | NOV | DEZ | TOTAL LOTE | MÉDIA
2020;81;2;slu_2020_p081_t2.csv;5;15; | JAN | FEV | MAR | ABR | MAI | JUN | JUL | AGO | SET | OUT | NOV | DEZ | TOTAL LOTE | MÉDIA
2020;82;1;slu_2020_p082_t1.csv;5;15; | JAN | FEV | MAR | ABR | MAI | JUN | JUL | AGO | SET | OUT | NOV | DEZ | TOTAL LOTE | MÉDIA
2020;83;1;slu_2020_p083_t1.csv;5;15; | JAN | FEV | MAR | ABR | MAI | JUN | JUL | AGO | SET | OUT | NOV | DEZ | TOTAL LOTE | MÉDIA
2020;83;2;slu_2020_p083_t2.csv;5;15; | JAN | FEV | MAR | ABR | MAI | JUN | JUL | AGO | SET | OUT | NOV | DEZ | TOTAL LOTE | MÉDIA
2020;84;1;slu_2020_p084_t1.csv;5;15; | JAN | FEV | MAR | ABR | MAI | JUN | JUL | AGO | SET | OUT | NOV | DEZ | TOTAL LOTE | MÉDIA
2020;85;1;slu_2020_p085_t1.csv;7;15; | JAN | FEV | MAR | ABR | MAI | JUN | JUL | AGO | SET | OUT | NOV | DEZ | TOTAL LOTE | MÉDIA
2020;85;2;slu_2020_p085_t2.csv;4;15; | JAN | FEV | MAR | ABR | MAI | JUN | JUL | AGO | SET | OUT | NOV | DEZ | TOTAL LOTE | MÉDIA
2020;86;1;slu_2020_p086_t1.csv;5;15; | JAN | FEV | MAR | ABR | MAI | JUN | JUL | AGO | SET | OUT | NOV | DEZ | TOTAL LOTE | MÉDIA
2020;87;1;slu_2020_p087_t1.csv;2;15; | JAN | FEV | MAR | ABR | MAI | JUN | JUL | AGO | SET | OUT | NOV | DEZ | TOTAL LOTE | MÉDIA
2020;87;2;slu_2020_p087_t2.csv;4;15; | JAN | FEV | MAR | ABR | MAI | JUN | JUL | AGO | SET | OUT | NOV | DEZ | TOTAL LOTE | MÉDIA
2020;88;1;slu_2020_p088_t1.csv;4;15; | JAN | FEV | MAR | ABR | MAI | JUN | JUL | AGO | SET | OUT | NOV | DEZ | TOTAL LOTE | MÉDIA
2020;89;1;slu_2020_p089_t1.csv;2;15; | JAN | FEV | MAR | ABR | MAI | JUN | JUL | AGO | SET | OUT | NOV | DEZ | TOTAL LOTE | MÉDIA
2020;89;2;slu_2020_p089_t2.csv;5;15; | JAN | FEV | MAR | ABR | MAI | JUN | JUL | AGO | SET | OUT | NOV | DEZ | TOTAL LOTE | MÉDIA
2020;90;1;slu_2020_p090_t1.csv;5;15; | JAN | FEV | MAR | ABR | MAI | JUN | JUL | AGO | SET | OUT | NOV | DEZ | TOTAL LOTE | MÉDIA
2020;90;2;slu_2020_p090_t2.csv;5;15; | JAN | FEV | MAR | ABR | MAI | JUN | JUL | AGO | SET | OUT | NOV | DEZ | TOTAL LOTE | MÉDIA
2020;91;1;slu_2020_p091_t1.csv;2;15; | JAN | FEV | MAR | ABR | MAI | JUN | JUL | AGO | SET | OUT | NOV | DEZ | TOTAL LOTE | MÉDIA
2020;91;2;slu_2020_p091_t2.csv;2;15; | JAN | FEV | MAR | ABR | MAI | JUN | JUL | AGO | SET | OUT | NOV | DEZ | TOTAL LOTE | MÉDIA
2020;91;3;slu_2020_p091_t3.csv;4;6;ATIVIDADE | UNIDADE | 2017 | 2018 | 2019 | 2020
2020;92;1;slu_2020_p092_t1.csv;17;6;Varrição manual de vias e logradouros públicos | km | 1.284.173 | 1.204.297 | 1.193.036 | 1.039.063,1
2020;93;1;slu_2020_p093_t1.csv;7;21;Equipamentos limpeza urbana | roteloc rodatcapmoc oãhnimaC | úab roteloc oãhnimaC | aloiag oãhnimaC | úab oãhnimaC | no-llor oãhnimaC | ocot abmaçaC | abmaçac etnalucsab oãhnimaC | + ocinâcem euqoberr
2020;94;1;slu_2020_p094_t1.csv;4;24;Equipamentos dos aterros | /oiopa oãçazilacsfi ed olucíeV | aciluárdih ariedavacsE | icetsaba )asolem( ed oãhnimaC otnem | arodatropsnart emurohc aterraC ed | apip oãhnimaC | arodalevinotoM | airecorr
2020;94;2;slu_2020_p094_t2.csv;4;7;EQUIPAMENTOS DOS ATERROS | ESCAVADEIRA HIDRÁULICA | CARRETA TRANSPORTADORA DE CHORUME | PÁ CARREGADEIRA | CAMINHÃO CAÇAMBA TRUCADO | CARRETA DE TRANS- PORTE DE REJEITO | TOTAL
2020;95;1;slu_2020_p095_t1.csv;12;15; | JAN | FEV | MAR | ABR | MAI | JUN | JUL | AGO | SET | OUT | NOV | DEZ | TOTAL | MÉDIA
2020;96;1;slu_2020_p096_t1.csv;12;15; | JAN | FEV | MAR | ABR | MAI | JUN | JUL | AGO | SET | OUT | NOV | DEZ | TOTAL | MÉDIA
2020;96;2;slu_2020_p096_t2.csv;8;2;REGIÃO | ENDEREÇO
2020;97;1;slu_2020_p097_t1.csv;3;2;Gama | Núcleo de Limpeza do Gama – Avenida Contorno localizado na Área Especial, Lote 02, Setor Norte (ao lado do Detran)
2020;102;1;slu_2020_p102_t1.csv;4;4;QUANTITATIVOS DE RESÍDUOS ATERRADOS NO ATERRO SANITÁRIO DE BRASÍLIA (EM TONELADAS) |  |  | 
2020;102;2;slu_2020_p102_t2.csv;10;7;QUANTITATIVOS MENSAIS RECEPCIONADOS NO ASB (EM QUILOGRAMAS) |  |  |  |  |  | 
2020;103;1;slu_2020_p103_t1.csv;5;7;Setembro | 62.342.140,0 | 9.500,0 | 6.210,0 | 695.030,0 | 1.307.610,0 | 64.360,5
2020;103;2;slu_2020_p103_t2.csv;15;5;ATERRO SANITÁRIO DE BRASÍLIA - ATERRAMENTO (2020) |  |  |  | 
2020;104;1;slu_2020_p104_t1.csv;7;4;ETAPAS DA CONSTRUÇÃO DO ASB |  |  | 
2020;104;2;slu_2020_p104_t2.csv;10;2; | Volume (m³)
2020;105;1;slu_2020_p105_t1.csv;5;2;Outubro | 33.183,0
2020;105;2;slu_2020_p105_t2.csv;15;6;NÚMERO DE VIAGENS |  |  |  |  | 
2020;107;1;slu_2020_p107_t1.csv;15;6;PESO LÍQUIDO POR MÊS (em toneladas) |  |  |  |  | 
2020;109;1;slu_2020_p109_t1.csv;15;7;PESO LÍQUIDO POR MÊS |  |  |  |  |  | 
2020;110;1;slu_2020_p110_t1.csv;6;8;PESO LÍQUIDO POR MÊS (em toneladas) |  |  |  |  |  |  | 
2020;111;1;slu_2020_p111_t1.csv;9;8;Maio | 5004,56 | 3166,72 | 2.127,08 | 0,00 | 5.638,06 | 7.078,05 | 23.014,47
2020;112;1;slu_2020_p112_t1.csv;16;8;URE - ATERRAMENTO (2020) |  |  |  |  |  |  | 
2020;113;1;slu_2020_p113_t1.csv;12;13;LOTE I |  |  |  |  |  |  |  |  |  |  |  | 
2020;114;1;slu_2020_p114_t1.csv;4;13;Limpeza Pós Eventos e Coleta de Resíduos de Caixa de Gordura | R$ 174.092,21 | R$ 174.092,21 | R$ 174.092,21 | R$ 174.092,21 | R$ 174.092,21 | R$ 174.092,21 | R$ 174.092,21 | R$ 180.006,58 | R$ 180.00
2020;114;2;slu_2020_p114_t2.csv;10;13;LOTE II |  |  |  |  |  |  |  |  |  |  |  | 
2020;115;1;slu_2020_p115_t1.csv;6;13;Varrição mecanizada de vias | R$ 142.952,25 | R$ 139.273,05 | R$ 145.021,80 | R$ 117.504,45 | R$ 183.576,75 | R$ 179.131,05 | R$ 180.894,00 | R$ 184.266,60 | R$ 189.018,90 | R$ 202.232,16 | R$ 183.899
2020;115;2;slu_2020_p115_t2.csv;8;13;LOTE III |  |  |  |  |  |  |  |  |  |  |  | 
2020;116;1;slu_2020_p116_t1.csv;8;13;Catação em Área Verde | R$ 686.034,89 | R$ 686.416,23 | R$ 686.416,23 | R$ 686.416,23 | R$ 686.416,23 | R$ 684.051,91 | R$ 686.416,23 | R$ 686.416,23 | R$ 685.653,55 | R$ 684.738,32 | R$ 686.416,23 | 
2020;116;2;slu_2020_p116_t2.csv;3;13;RESÍDUOS DA SAÚDE |  |  |  |  |  |  |  |  |  |  |  | 
2020;117;1;slu_2020_p117_t1.csv;16;13; | JAN | FEV | MAR | ABR | MAI | JUN | JUL | AGO | SET | OUT | NOV | DEZ
2020;118;1;slu_2020_p118_t1.csv;14;4;MÊS | COLETA E TRANSPORTE MECANIZADO DE ENTULHO | COLETA E TRANSPORTE MANUAL DE RESÍDUOS VOLUMOSOS E PODAS | CUSTO TOTAL
2020;124;1;slu_2020_p124_t1.csv;11;4;Acidentes de trabalho nas IRRs |  |  | 
2020;129;1;slu_2020_p129_t1.csv;5;2;Faixas de aproveitamento para pagamento da prestação do serviço de triagem | 
2020;130;1;slu_2020_p130_t1.csv;18;7;Contratos e resultados da triagem por cooperativa |  |  |  |  |  | 
2020;131;1;slu_2020_p131_t1.csv;3;7;Renascer | Jun/2020 a Jun/2021 | 33/2018 | R$304,14 | 593 | 811 | -27%
2020;131;2;slu_2020_p131_t2.csv;14;5;Aproveitamento da Coleta Seletiva por cooperativa nas RA |  |  |  | 
2020;133;1;slu_2020_p133_t1.csv;13;5;Cooperativas de coleta seletiva inclusiva |  |  |  | 
2020;135;1;slu_2020_p135_t1.csv;7;7;Distribuição de materiais por mês |  |  |  |  |  | 
2020;136;1;slu_2020_p136_t1.csv;7;7;Julho | 6 | 87 | 330 | 146 | 65 | 634
2020;136;2;slu_2020_p136_t2.csv;8;5;Distribuição da Receita Gerada Pelos Materiais Comercializados |  |  |  | 
2020;138;1;slu_2020_p138_t1.csv;13;2;PRINCIPAIS COMPRADORES | 
2020;139;1;slu_2020_p139_t1.csv;8;11;Cooperativas/Associações com contratos APENAS de coleta seletiva |  |  |  |  |  |  |  |  |  | 
2020;139;2;slu_2020_p139_t2.csv;7;11;Cooperativas/Associações com contratos APENAS de triagem |  |  |  |  |  |  |  |  |  | 
2020;140;1;slu_2020_p140_t1.csv;9;11;5 | Coopativa | SIA. Trecho 17 Lote 1.660/1.700 - Brasília/DF | 05.247.950/0001-39 |  | 15 | 15 | SIA | Edson/ José | 98246-9563/ | coopativabrasilia@gmail.com
2020;140;2;slu_2020_p140_t2.csv;8;11;Cooperativas/Associações com contrato de coleta seletiva e triagem |  |  |  |  |  |  |  |  |  | 
2020;141;1;slu_2020_p141_t1.csv;3;11;6 | Recicle a Vida | QNM 28 Módulo B, AE – Ceilândia. Brasília/DF | 07.887.773/0001-80 | 5 | 63 | 68 | Samambaia | Cleusimar | 3373-1810 | cooperativa.recicle@gmail.com
2020;141;2;slu_2020_p141_t2.csv;15;10;Cooperativas/Associações SEM contrato de coleta seletiva e triagem |  |  |  |  |  |  |  |  | 
2020;141;3;slu_2020_p141_t3.csv;2;3;Total de Catadores | 1301 | 100%
2020;142;1;slu_2020_p142_t1.csv;7;3;Quadro Resumo da Gestão das IRR em Funcionamento |  | 
2020;143;1;slu_2020_p143_t1.csv;7;3;CTR 2 | SCIA, Pátio Ferroviário, CTR 2 | Ambiente (2)
2020;144;1;slu_2020_p144_t1.csv;11;3;IRR PSUL |  | 
2020;144;2;slu_2020_p144_t2.csv;10;3;IRR SAAN |  | 
2020;145;1;slu_2020_p145_t1.csv;11;3;IRR SCIA |  | 
2020;145;2;slu_2020_p145_t2.csv;12;3;IRR SCIA NOVO |  | 
2020;146;1;slu_2020_p146_t1.csv;11;3;IRR SIA B |  | 
2020;146;2;slu_2020_p146_t2.csv;4;3;CTR 1 |  | 
2020;146;3;slu_2020_p146_t3.csv;4;3;CTR 2 |  | 
2020;149;1;slu_2020_p149_t1.csv;7;3;IRR PSUL |  | 
2020;150;1;slu_2020_p150_t1.csv;4;3;Outubro | 116,7 | 36%
2020;150;2;slu_2020_p150_t2.csv;10;3;IRR SAAN |  | 
2020;150;3;slu_2020_p150_t3.csv;11;3;IRR SCIA |  | 
2020;151;1;slu_2020_p151_t1.csv;12;3;IRR SCIA NOVO |  | 
2020;151;2;slu_2020_p151_t2.csv;11;3;IRR SIA B |  | 
2020;152;1;slu_2020_p152_t1.csv;4;3;CTR 1 |  | 
2020;152;2;slu_2020_p152_t2.csv;4;3;CTR 2 |  | 
2020;152;3;slu_2020_p152_t3.csv;3;3;Histórico de Aproveitamento Esperado Calculado das IRR/CTR |  | 
2020;154;1;slu_2020_p154_t1.csv;2;7;ATIVIDADE | UNIDADE | ANO 2017 | ANO2018 | ANO 2019 -A | ANO 2020 -B | COMPARATIVO B/A (%)
2020;162;1;slu_2020_p162_t1.csv;23;4;PRIORIDADE | ID | NECESSIDADE | ÁREA
2020;163;1;slu_2020_p163_t1.csv;6;2;QUANTIDADE | TIPO DE DOCUMENTO
2020;169;1;slu_2020_p169_t1.csv;4;4;Processos de TCE em andamento no período |  |  | 
2020;169;2;slu_2020_p169_t2.csv;2;6;ANO | INSTRUÇÃO PRÉVIA | SINDICÂNCIA | PAD | TCE | TOTAL
2020;171;1;slu_2020_p171_t1.csv;13;10;CONTROLE CLIPPING 2020 |  |  |  |  |  |  |  |  | 
2020;171;2;slu_2020_p171_t2.csv;15;4; | NEGATIVAS | POSITIVAS | NEUTRAS
2020;173;1;slu_2020_p173_t1.csv;9;13;ATENDIMENTO À IMPRENSA |  |  |  |  |  |  |  |  |  |  |  | 
2020;173;2;slu_2020_p173_t2.csv;8;13;ENTREVISTAS CONCEDIDAS |  |  |  |  |  |  |  |  |  |  |  | 
2020;174;1;slu_2020_p174_t1.csv;14;4;MESES | SITE | INTRANET | REDES SOCIAIS
2020;175;1;slu_2020_p175_t1.csv;5;2;REDE | SEGUIDORES
2020;175;2;slu_2020_p175_t2.csv;6;5;RESPOSTAS DADAS NAS REDES SOCIAIS PRIVADAMENTE OU EM POSTAGENS |  |  |  | 
2020;176;1;slu_2020_p176_t1.csv;4;5;Outubro | 16 | 2 | 10 | 28
2020;177;1;slu_2020_p177_t1.csv;5;2;MATERIAL IMPRESSO INFORMATIVO E DE TRANSPARÊNCIA PARA DIFERENTES MEIOS | 
2020;178;1;slu_2020_p178_t1.csv;12;3;ATIVIDADES | QUANTIDADE | PÚBLICO BENEFICIADO
2021;13;1;slu_2021_p013_t1.csv;17;19; | FORÇA DE TRABALHO |  |  |  |  |  |  |  |  |  |  |  |  |  |  |  |  | 
2021;14;1;slu_2021_p014_t1.csv;8;11;DIRETORIAS |  |  | COM CARGO |  |  | SEM CARGO |  |  | TOTAL | 
2021;14;2;slu_2021_p014_t2.csv;8;11;DIRETORIAS |  |  | PREENCHIDOS |  |  | VAGOS |  |  | TOTAL | 
2021;15;1;slu_2021_p015_t1.csv;14;2;MÊS | QUANTIDADE
2021;15;2;slu_2021_p015_t2.csv;14;15;Síntese de palestras, cursos e treinamentos realizados por outros órgãos - 2021 |  |  |  |  |  |  |  |  |  |  |  |  |  | 
2021;16;1;slu_2021_p016_t1.csv;39;14; |  |  |  |  |  | Curso on-line: Capacitação no sistema de Gestão de Contratos |  |  |  |  |  | 1 | 
2021;17;1;slu_2021_p017_t1.csv;24;14; |  |  |  |  |  | Curso presencial: Ética e transparência no serviço público |  |  |  |  |  | 15 | 
2021;18;1;slu_2021_p018_t1.csv;9;72;PESSOAL ENVOLVIDO NA LIMPEZA URBANA |  |  |  |  |  |  |  |  |  |  |  |  |  |  |  |  |  |  |  |  |  |  |  |  |  |  |  |  |  |  |  |  |  |  |  |  |  |  |  |  |  |  |  |  |  |  |  |  |  |  |  |  |  |  | 
2021;18;2;slu_2021_p018_t2.csv;6;1;Médico do
2021;18;3;slu_2021_p018_t3.csv;4;1;Engenheiro /
2021;18;4;slu_2021_p018_t4.csv;2;1;Administrativo/
2021;19;1;slu_2021_p019_t1.csv;14;92; |  | ,B S A L A O S S E P | ,E R U | /A V IT A R E P O O C | O Ã Ç A IC O S S A | S A N IS U E |  |  |  | o s iP e d la c s iF |  |  | e d r o d a r e p O | a n iu q á M |  | a t s ir o t o M |  |  |
2021;20;1;slu_2021_p020_t1.csv;18;18; | Divisão do Orçamento (R$) - 2021 |  |  |  |  |  |  |  |  |  |  |  |  |  |  |  | 
2021;21;1;slu_2021_p021_t1.csv;15;21;VALOR |  |  |  | FONTE |  |  |  |  |  |  |  |  |  |  |  |  |  |  |  | 
2021;22;1;slu_2021_p022_t1.csv;13;21; | QUADRO LOA x DESPESA |  |  |  |  |  |  |  |  |  |  |  |  |  |  |  |  |  |  | 
2021;23;2;slu_2021_p023_t2.csv;17;3; | 2005 | 60.457.462,85
2021;24;1;slu_2021_p024_t1.csv;12;14; | TAXA DE LIMPEZA PÚBLICA (EM R$) |  |  |  |  |  |  |  |  |  |  |  | 
2021;24;2;slu_2021_p024_t2.csv;6;9; | TIPO DE DESPESA |  |  | TOTAL |  |  | MÉDIA/MÊS | 
2021;24;3;slu_2021_p024_t3.csv;7;9; | TIPO DE DESPESA |  |  | TOTAL |  |  | MÉDIA/MÊS | 
2021;25;1;slu_2021_p025_t1.csv;20;18;Nº | Contrato | Empresa |  | Data de |  | Objeto |  |  |  | Data do |  | Valor (R$) |  |  | Executores e Suplentes |  | 
2021;25;2;slu_2021_p025_t2.csv;2;1;Mensal: R$ 5.157.00 Anual: R$
2021;25;3;slu_2021_p025_t3.csv;2;1;ANGELO O. L. DA SILVA / ANDRÉ
2021;25;4;slu_2021_p025_t4.csv;3;1;Demanda e fornecimento de energia
2021;25;5;slu_2021_p025_t5.csv;3;1;ALLAN ADJUTO CHAVES SOUSA
2021;25;6;slu_2021_p025_t6.csv;2;1;G10 DISTRIBUIÇÃO LTDA –
2021;25;7;slu_2021_p025_t7.csv;2;1;Mensal: R$ 20.900,00 Anual: R$
2021;25;8;slu_2021_p025_t8.csv;2;1;OTAVIANO PEDROZO NETO /
2021;25;9;slu_2021_p025_t9.csv;5;1;Locação de terreno com galpão para a
2021;25;10;slu_2021_p025_t10.csv;5;1;FERNANDA FERREIRA DE
2021;25;11;slu_2021_p025_t11.csv;2;1;SÃO GERALDO MATERIAIS
2021;25;12;slu_2021_p025_t12.csv;2;1;Mensal R$ 20.430,00
2021;25;13;slu_2021_p025_t13.csv;4;1;Locação de galpão para instalação de
2021;25;14;slu_2021_p025_t14.csv;3;1;NAVARRO
2021;25;15;slu_2021_p025_t15.csv;2;1;Mensal: R$ 28.215,00
2021;25;16;slu_2021_p025_t16.csv;2;1;NOTORIUN TECNOLOGIA
2021;25;17;slu_2021_p025_t17.csv;2;1;Empresa Especializada em geração de
2021;25;18;slu_2021_p025_t18.csv;3;1;TECNOLTA
2021;26;1;slu_2021_p026_t1.csv;25;14; | 61/2018 | CEB DISTRIBUIÇÃO | 23/11/2018 | IRR P SUL – Ceilândia |  |  | 29/11/2023 | Valor Global: R$ 76.800,00 |  |  |  |  | 
2021;26;2;slu_2021_p026_t2.csv;2;1;Valor Global:
2021;26;3;slu_2021_p026_t3.csv;4;1;CENTRO BRASILEIRO DE
2021;26;4;slu_2021_p026_t4.csv;3;1;PATRICIA LEMOS XAVIER /
2021;26;5;slu_2021_p026_t5.csv;3;1;EMPRESA BRASILEIRA DE
2021;26;6;slu_2021_p026_t6.csv;2;1;Fornecimento de serviço de vendas de
2021;26;7;slu_2021_p026_t7.csv;2;1;RUBENS BARROZO DA SILVA /
2021;26;8;slu_2021_p026_t8.csv;2;1;VITALIA DE OLIVEIRA MORAIS /
2021;26;9;slu_2021_p026_t9.csv;3;1;NP CAPACITAÇÃO E
2021;26;10;slu_2021_p026_t10.csv;3;1;Prestação de serviços de fornecimento
2021;26;11;slu_2021_p026_t11.csv;3;1;MARIA DE FÁTIMA DO
2021;26;12;slu_2021_p026_t12.csv;3;1;HBL CARIMBOS E PLACAS
2021;26;13;slu_2021_p026_t13.csv;3;1;Prestação de serviços de confecção e
2021;26;14;slu_2021_p026_t14.csv;3;1;MARIA DE FÁTIMA DO
2021;26;15;slu_2021_p026_t15.csv;2;1;CALEVI MINERADORA E
2021;26;16;slu_2021_p026_t16.csv;2;1;VITÁLIA DE OLIVEIRA MORAIS /
2021;26;17;slu_2021_p026_t17.csv;2;1;CONNEC –
2021;26;18;slu_2021_p026_t18.csv;2;1;Mensal: R$ 12.920,07 Anual: R$
2021;26;19;slu_2021_p026_t19.csv;2;1;FERNANDO SABINO AMURIM /
2021;26;20;slu_2021_p026_t20.csv;2;1;INDÚSTRIADE ÁGUA
2021;26;21;slu_2021_p026_t21.csv;2;1;VITÁLIA DE OLIVEIRA MORAIS /
2021;26;22;slu_2021_p026_t22.csv;2;1;Prestação de serviços de agenciamento
2021;26;23;slu_2021_p026_t23.csv;2;1;THAYANE DAS NEVES SOARES
2021;27;1;slu_2021_p027_t1.csv;18;12;26 | 17/2021 | N.P. CAPACITAÇÃO E SOLUÇÕES TECNOLÓGICAS LTDA. | 24/08/2021 |  | Contratação de empresa especializada |  | 24/08/2022 | Global: R$ 8.700,00 | ADRIANE RANGEL BARBOSA / LUCINEIDE MARIA BA
2021;27;2;slu_2021_p027_t2.csv;3;1;N.P. CAPACITAÇÃO E
2021;27;3;slu_2021_p027_t3.csv;3;1;ADRIANE RANGEL BARBOSA
2021;27;4;slu_2021_p027_t4.csv;3;1;GERSON GOMES DA SILVA
2021;27;5;slu_2021_p027_t5.csv;2;1;P & B SISTEMAS DE
2021;27;6;slu_2021_p027_t6.csv;2;1;UNIVERSIDADE PATATIVA
2021;27;7;slu_2021_p027_t7.csv;2;1;PATRÍCIA LEMOS XAVIER /
2021;27;8;slu_2021_p027_t8.csv;2;1;A aquisição de gás liquefeito de
2021;27;9;slu_2021_p027_t9.csv;7;11;Nº | Contrato | Empresa |  | Data de assinatura |  | Objeto |  | Término da |  | Valor (R$)
2021;28;1;slu_2021_p028_t1.csv;3;7;7 | 01/2020 | ADASA X SLU | 30/07/2020 | Realização de ações conjuntas destinadas a promover a melhoria de relacionados à prestação dos serviços públicos de limpeza urbana e manejo de resíduos sólidos
2021;28;2;slu_2021_p028_t2.csv;12;14;Nº | Contrato | Empresa |  | Data de |  | Objeto |  |  | Data do término da vigência | Valor (R$) | Executores e Suplentes |  | 
2021;28;3;slu_2021_p028_t3.csv;2;1;Data do término
2021;28;4;slu_2021_p028_t4.csv;2;1;GAE CONSTRUÇÃO E
2021;29;1;slu_2021_p029_t1.csv;25;11; | 15/2021 | GAE CONSTRUÇÃO E COMERCIO | 26/07/2021 | Construção de 02 (dois) Reservatórios de Efluentes Líquidos (Chorume) - Tanque de Segurança/Equalização localizado no Aterro Sanitário de Brasília
2021;29;2;slu_2021_p029_t2.csv;4;1;Construção de 02 (dois) Reservatórios de
2021;29;3;slu_2021_p029_t3.csv;2;1;GAE CONSTRUÇÃO E
2021;29;4;slu_2021_p029_t4.csv;4;1;Construção de 02 (dois) Reservatórios de
2021;29;5;slu_2021_p029_t5.csv;2;1;GAE CONSTRUÇÃO E
2021;29;6;slu_2021_p029_t6.csv;4;1;Prestação de serviços comuns de
2021;29;7;slu_2021_p029_t7.csv;4;1;Prestação de serviços comuns de
2021;29;8;slu_2021_p029_t8.csv;3;1;GHS ARTEX CONSTRUÇÕES
2021;29;9;slu_2021_p029_t9.csv;2;1;PROERG PROJETOS E
2021;29;10;slu_2021_p029_t10.csv;2;1;Ainda não houve designação e
2021;29;11;slu_2021_p029_t11.csv;16;14;Nº | Contrato | Empresa |  | Data de |  | Objeto |  |  | Data do término da vigência | Valor (R$) | Executores e Suplentes |  | 
2021;29;12;slu_2021_p029_t12.csv;2;1;Data do término
2021;29;13;slu_2021_p029_t13.csv;3;1;GERSON GOMES DA SILVA NETO
2021;29;14;slu_2021_p029_t14.csv;2;1;P & B SISTEMAS DE
2021;29;15;slu_2021_p029_t15.csv;3;1;VITALIA DE OLIVEIRA MORAIS /
2021;29;16;slu_2021_p029_t16.csv;2;1;DENTECK AR
2021;30;1;slu_2021_p030_t1.csv;13;11;Nº | Contrato | Empresa | Data de assinatura/início da vigência | Objeto |  |  | Data do término da vigência | Valor (R$) |  | Executores e Suplentes
2021;30;2;slu_2021_p030_t2.csv;2;1;Data do término
2021;30;3;slu_2021_p030_t3.csv;4;1;Serviços de assessoria, consultoria,
2021;30;4;slu_2021_p030_t4.csv;2;8;Nº | Contrato | Empresa | Data de assinatura/início da vigência | Objeto | Término da vigência | Valor (R$) | Executores e Suplentes
2021;31;1;slu_2021_p031_t1.csv;9;10;3 | 19/2019 | SUSTENTARE SANEAMENTO S/A | 05/07/2019 | Serviço de coleta urbana - Lote II | 05/10/2024 | R$ 481.653.267,00 | SANDRA CORDEIRO DE SOUZA / CESÁRIO VERAS FERREIRA DE MESQUITA / DIVINO ETER
2021;31;2;slu_2021_p031_t2.csv;2;1;HYDROS SOLUÇÕES
2021;31;3;slu_2021_p031_t3.csv;2;1;Prestação de serviços tratamento de
2021;32;1;slu_2021_p032_t1.csv;13;10; | 21/2020 |  |  |  |  |  |  |  | 
2021;32;2;slu_2021_p032_t2.csv;15;1;Prestação de serviços, emergencial, de:
2021;32;3;slu_2021_p032_t3.csv;4;1;AILTON OLIVEIRA ROCHA / JOSÉ
2021;32;4;slu_2021_p032_t4.csv;2;1;GLOBAL:
2021;32;5;slu_2021_p032_t5.csv;4;1;Prestação de serviços, em caráter
2021;32;6;slu_2021_p032_t6.csv;4;1;AILTON OLIVEIRA ROCHA / JOSÉ
2021;32;7;slu_2021_p032_t7.csv;2;1;SUSTENTARE SANEAMENTO
2021;32;8;slu_2021_p032_t8.csv;2;1;GLOBAL: R$
2021;32;9;slu_2021_p032_t9.csv;3;1;Serviços de coleta, transporte, tratamento
2021;32;10;slu_2021_p032_t10.csv;2;1;BELFORT GERENCIAMENTO
2021;32;11;slu_2021_p032_t11.csv;2;1;GLOBAL:
2021;32;12;slu_2021_p032_t12.csv;3;1;Elaboração de projeto executivo da
2021;32;13;slu_2021_p032_t13.csv;2;1;GLOBAL:
2021;33;1;slu_2021_p033_t1.csv;25;9;12 | 20/2021 | VALOR AMBIENTAL LTDA | 25/08/2021 | Prestação de serviços de operação, |  | 01/09/2022 | GLOBAL: R$ 24.899.167,80 | IRACEMA DA ROCHA DOURADO / JOSÉ NILTON ARRAIS DA SILVA / FRANCILIO RI
2021;33;2;slu_2021_p033_t2.csv;10;8;Nº | Contrato | Empresa |  | Objeto | Término da vigência | Valor (R$) | Executores e Suplentes
2021;34;1;slu_2021_p034_t1.csv;9;8;8 | 10/2018 | COOPERATIVA OE RECICLAGEM, TRABALHO E PRODUÇÃO - CORTRAP | 16/01/2018 | Prestação de processamento de resíduos sólidos urbanos na recepção, triagem, prensagem, enfardamento, armazenament
2021;35;1;slu_2021_p035_t1.csv;10;8;18 | 34/2018 | ASSOCIAÇÃO DOS CATADORES E RECICLADORES DE RESÍDUOS SÓLIDOS DE BRAZLÂNDIA - ACOBRAZ | 04/06/2018 | Processamento de resíduos sólidos | 04/06/2022 | R$ 267.948,00 | FRANCISCO ANTONIO MEN
2021;36;1;slu_2021_p036_t1.csv;2;8;29 | 04/2019 | COOPERATIVA DE TRABALHO DE CATADORES DE MATERIAIS RECICLÁVEIS E REUTILIZÁVEIS AMBIENTAL - COOPERE | 22/01/2020 | Processamento de resíduos sólidos | 31/07/2021 | R$ 467.993,04 | ANDRÉ L
2021;36;2;slu_2021_p036_t2.csv;12;12;CONTRATOS/CONVÊNIOS |  |  |  | Até 2015 | 2016 | 2017 | 2018 | 2019 | 2020 | 2021 | VIGENTES
2021;37;1;slu_2021_p037_t1.csv;10;41; | Empresa |  |  | Jan |  |  | Fev |  |  | Mar |  | Abr |  |  | Mai |  |  | Jun |  |  | Jul |  |  | Ago |  |  | Set |  |  | Out |  |  | Nov |  |  | Dez |  |  | TOTAL | 
2021;38;1;slu_2021_p038_t1.csv;7;42; | Despesa |  |  | Jan |  |  | Fev |  |  | Mar |  |  | Abr |  |  | Mai |  |  | Jun |  |  | Jul |  |  | Ago |  |  | Set |  |  | Out |  |  | Nov |  |  | Dez |  |  | Total | 
2021;38;2;slu_2021_p038_t2.csv;7;9;Descrição do Material | ANO BASE |  |  |  |  |  |  | 
2021;38;3;slu_2021_p038_t3.csv;2;1;Copo plástico descartável para água, capacidade de 200ml, poliestireno branco,
2021;38;4;slu_2021_p038_t4.csv;2;1;Copo plástico descartável para café, capacidade 50 ml, poliestireno branco,
2021;38;5;slu_2021_p038_t5.csv;2;1;Papel cópia xerográfica material sulfite, gramatura 75 g/m², cor branca, formato:
2021;38;6;slu_2021_p038_t6.csv;2;1;Saco para lixo, polipropileno, capacidade 15, 20, 40 e 50 litros, embalagem 100
2021;38;7;slu_2021_p038_t7.csv;2;1;Saco para lixo, polipropileno, capacidade 100, 150 e 240 litros, embalagem 100
2021;39;1;slu_2021_p039_t1.csv;24;25;Nº |  |  | Sede | Núcleo |  |  | RA |  |  | Endereço |  |  | Propriedade |  |  | Situação |  |  |  | Área |  |  | Área | 
2021;39;2;slu_2021_p039_t2.csv;2;1;Quadra 305, Conj. 14 Lote 02,
2021;39;3;slu_2021_p039_t3.csv;2;1;Processo Regularização
2021;39;4;slu_2021_p039_t4.csv;2;1;Núcleo
2021;39;5;slu_2021_p039_t5.csv;2;1;Praça Padre Roque, 3ª Avenida,
2021;40;1;slu_2021_p040_t1.csv;25;25;18 |  |  | Terreno | NUALM/NUPAT |  |  | Brasília |  |  |  | Setor de Áreas Isoladas norte |  | Próprio |  |  | Regularizado |  |  | 50.000 |  |  | 4.150 |  | 
2021;40;2;slu_2021_p040_t2.csv;2;1;Núcleo
2021;40;3;slu_2021_p040_t3.csv;2;1;QNP 28 - Área especial sem
2021;40;4;slu_2021_p040_t4.csv;2;1;Processo Regularização
2021;41;1;slu_2021_p041_t1.csv;17;27;33 |  |  |  |  |  | NUGUA |  |  | Guará |  |  | SRIA II QE 25 AE 1 CAVE |  |  | Administração Regional do Guara |  |  | Cedido |  |  | 1.000 |  |  | 44 |  | 
2021;41;2;slu_2021_p041_t2.csv;3;1;Instalações de
2021;41;3;slu_2021_p041_t3.csv;2;1;QNP 28 Área Especial sem
2021;41;4;slu_2021_p041_t4.csv;2;1;Processo Regularização
2021;41;5;slu_2021_p041_t5.csv;6;5; | QUANTIDADE DE VEÍCULOS POR DIRETORIA E UNIDADE OPERACIONAL |  |  | 
2021;42;1;slu_2021_p042_t1.csv;7;2;GERÊNCIA REGIONAL OESTE/ GEOES | 07
2021;43;1;slu_2021_p043_t1.csv;6;35;COLETA E TRANSPORTE DE RESÍDUOS SÓLIDOS DOMICILIARES EM ÁREAS COMUNS E DE DIFÍCIL ACESSO (EM TONELADAS) |  |  |  |  |  |  |  |  |  |  |  |  |  |  |  |  |  |  |  |  |  |  |  |  |  |  |  |  |  |  |  |  
2021;43;2;slu_2021_p043_t2.csv;6;35;COLETA MANUAL E TRANSPORTE DE ENTULHO (EM TONELADAS) |  |  |  |  |  |  |  |  |  |  |  |  |  |  |  |  |  |  |  |  |  |  |  |  |  |  |  |  |  |  |  |  |  | 
2021;43;3;slu_2021_p043_t3.csv;5;35; |  |  |  | JAN |  |  | FEV |  |  | MAR |  |  | ABR |  |  | MAI |  |  | JUN |  |  | JUL |  |  | AGO | SET | OUT | NOV | DEZ | Total lote |  |  | Média | 
2021;43;4;slu_2021_p043_t4.csv;5;35; |  |  |  | JAN |  |  | FEV |  |  | MAR |  |  | ABR |  |  | MAI |  |  | JUN |  |  | JUL |  |  | AGO | SET | OUT | NOV | DEZ | Total lote |  |  | Média | 
2021;44;1;slu_2021_p044_t1.csv;5;42; |  |  | JAN | FEV |  |  | MAR |  |  | ABR |  |  | MAI |  |  | JUN |  |  | JUL |  |  | AGO |  |  | SET |  |  | OUT |  |  | NOV |  |  | DEZ |  |  | Total lote |  |  | Média | 
2021;44;2;slu_2021_p044_t2.csv;5;42; |  |  | JAN | FEV |  |  | MAR |  |  | ABR |  |  | MAI |  |  | JUN |  |  | JUL |  |  | AGO |  |  | SET |  |  | OUT |  |  | NOV |  |  | DEZ |  |  | Total lote |  |  | Média | 
2021;44;3;slu_2021_p044_t3.csv;5;43; |  |  |  | JAN | FEV |  |  | MAR |  |  | ABR |  |  | MAI |  |  | JUN |  |  | JUL |  |  | AGO |  |  | SET |  |  | OUT |  |  | NOV |  |  | DEZ |  |  | Total lote |  |  | Média | 
2021;44;4;slu_2021_p044_t4.csv;8;41; |  | JAN | FEV |  |  | MAR |  |  | ABR |  |  | MAI |  |  | JUN |  |  | JUL |  |  | AGO |  |  | SET |  |  | OUT |  |  | NOV |  |  | DEZ |  |  | Total lote |  |  | Média | 
2021;45;1;slu_2021_p045_t1.csv;5;38; |  |  |  | JAN |  |  | FEV |  | MAR |  |  | ABR |  |  | MAI |  |  | JUN |  | JUL |  | AGO | SET |  | OUT |  |  | NOV |  | DEZ |  |  | Total lote |  |  | Média | 
2021;45;2;slu_2021_p045_t2.csv;7;33; |  |  |  | JAN | FEV | MAR | ABR |  |  | MAI |  |  | JUN |  |  | JUL | AGO | SET |  | OUT |  |  | NOV |  | DEZ |  |  | Total |  |  | Média | 
2021;45;3;slu_2021_p045_t3.csv;4;40; |  |  | JAN |  | FEV |  | MAR |  |  | ABR |  |  | MAI |  |  | JUN |  | JUL |  |  | AGO |  |  | SET |  |  | OUT |  |  | NOV |  | DEZ |  |  | Total |  |  | Média | 
2021;45;4;slu_2021_p045_t4.csv;5;32; |  | JAN | FEV | MAR | ABR |  |  | MAI |  |  | JUN |  |  | JUL | AGO | SET |  | OUT |  |  | NOV |  |  | DEZ |  |  | Total lote |  |  | Média | 
2021;46;1;slu_2021_p046_t1.csv;2;37; |  | JAN |  |  | FEV |  |  | MAR |  | ABR |  | MAI |  |  | JUN |  |  | JUL |  | AGO |  |  | SET |  |  | OUT |  | NOV |  |  | DEZ |  | Total |  | Média | 
2021;46;2;slu_2021_p046_t2.csv;6;20; |  |  | JAN | FEV |  | MAR | ABR | MAI |  | JUN | JUL | AGO | SET | OUT | NOV | DEZ | Total | Média | 
2021;46;3;slu_2021_p046_t3.csv;6;31; |  |  |  | JAN |  |  | FEV |  | MAR |  | ABR |  | MAI |  |  | JUN |  | JUL | AGO |  | SET |  | OUT |  | NOV |  | DEZ | Total | Média | 
2021;46;4;slu_2021_p046_t4.csv;3;32; |  |  |  | JAN |  | FEV |  | MAR |  | ABR |  | MAI |  |  | JUN |  | JUL |  | AGO |  | SET |  | OUT |  | NOV |  | DEZ | Total |  | Média | 
2021;46;5;slu_2021_p046_t5.csv;5;43; |  |  |  | JAN |  |  | FEV |  |  | MAR |  |  | ABR |  |  | MAI |  |  | JUN |  |  | JUL |  |  | AGO |  |  | SET |  |  | OUT |  |  | NOV |  |  | DEZ |  | Total lote |  | Média | 
2021;47;1;slu_2021_p047_t1.csv;5;40; |  | JAN |  |  | FEV |  |  | MAR |  |  | ABR |  | MAI |  |  | JUN |  |  | JUL |  |  | AGO | SET |  |  | OUT |  |  | NOV |  |  | DEZ |  |  | Total lote |  |  | Média | 
2021;47;2;slu_2021_p047_t2.csv;5;40; |  | JAN |  |  | FEV |  |  | MAR |  |  | ABR |  | MAI |  |  | JUN |  | JUL |  |  | AGO |  | SET |  | OUT |  |  | NOV |  |  | DEZ |  |  |  | Total lote |  |  | Média | 
2021;47;3;slu_2021_p047_t3.csv;2;44; |  |  |  | JAN |  |  | FEV |  |  | MAR |  |  | ABR |  |  | MAI |  |  | JUN |  |  | JUL |  |  | AGO |  | SET |  |  | OUT |  |  | NOV |  |  | DEZ |  |  | Total |  |  | Média | 
2021;47;4;slu_2021_p047_t4.csv;2;44; |  |  |  | JAN |  |  | FEV |  |  | MAR |  |  | ABR |  | MAI |  |  | JUN |  |  | JUL |  |  | AGO |  |  | SET |  |  | OUT |  |  | NOV |  |  | DEZ |  |  | Total lote |  |  | Média | 
2021;48;1;slu_2021_p048_t1.csv;25;9;ATIVIDADE |  |  | UNIDADE | 2017 | 2018 | 2019 | 2020 | 2021
2021;49;1;slu_2021_p049_t1.csv;25;84;EQUIPAMENTOS LIMPEZA URBANA |  |  |  | R O T E L O C O Ã H N IM A C | R O D A T C A P M O C |  |  | Ú A B R O T E L O C O Ã H N IM A C |  |  | A L O IA G O Ã H N IM A C |  |  | Ú A B O Ã H N IM A C | 
2021;49;2;slu_2021_p049_t2.csv;3;1;EQUIPAMENTOS
2021;50;1;slu_2021_p050_t1.csv;4;71; | S O D S O T N E M A P I U Q E | S O R R E T A |  |  | E D O L U C Í E V | O Ã Ç A Z I L A C S I F / O I O P A |  |  | A R I E D A V A C S E | A C I L U Á R D I H |  | E D O Ã H N I M A C | O T N E 
2021;50;2;slu_2021_p050_t2.csv;4;1;Unidade de
2021;50;3;slu_2021_p050_t3.csv;5;1;CONSÓRCIO
2021;50;4;slu_2021_p050_t4.csv;4;7;EQUIPAMENTOS DOS ATERROS | ESCAVADEIRA HIDRÁULICA | CARRETA TRANSPORTADORA DE CHORUME | PÁ CARREGADEIRA | CAMINHÃO CAÇAMBA TRUCADO | CARRETA DE TRANSPORTE DE REJEITO | Total
2021;50;5;slu_2021_p050_t5.csv;3;1;CAMINHÃO
2021;50;6;slu_2021_p050_t6.csv;3;1;CARRETA DE
2021;50;7;slu_2021_p050_t7.csv;2;1;EQUIPAMENTOS
2021;51;1;slu_2021_p051_t1.csv;10;1;7.1 PAPA-ENTULHO
2021;52;1;slu_2021_p052_t1.csv;30;73;7.1.1 COLETA E TRANSPORTE MECANIZADO DE ENTULHO DOS PAPA-ENTULHOS (EM TONELADAS) |  |  |  |  |  |  |  |  |  |  |  |  |  |  |  |  |  |  |  |  |  |  |  |  |  |  |  |  |  |  |  |  |  |  |  |  |  |  |  | 
2021;53;1;slu_2021_p053_t1.csv;21;46; |  |  |  |  | JAN |  |  | FEV |  |  | MAR |  |  | ABR |  |  | MAI |  |  | JUN |  |  | JUL |  |  | AGO |  |  | SET |  |  | OUT |  |  | NOV |  |  | DEZ |  |  | Total |  |  | Média | 
2021;53;2;slu_2021_p053_t2.csv;14;6; | Região |  |  | Endereço | 
2021;55;1;slu_2021_p055_t1.csv;4;15; | Quantitativos de resíduos aterrados no Aterro Sanitário de Brasília (em toneladas) |  |  |  |  |  |  |  |  |  |  |  |  | 
2021;56;1;slu_2021_p056_t1.csv;16;21;Quantitativos mensais recepcionados no ASB (em quilogramas) |  |  |  |  |  |  |  |  |  |  |  |  |  |  |  |  |  |  |  | 
2021;56;2;slu_2021_p056_t2.csv;8;12; | Etapas da construção do ASB |  |  |  |  |  |  |  |  |  | 
2021;57;1;slu_2021_p057_t1.csv;15;6; |  |  | Volume (m³) |  | 
2021;58;1;slu_2021_p058_t1.csv;15;14;NÚMERO DE VIAGENS |  |  |  |  |  |  |  |  |  |  |  |  | 
2021;58;2;slu_2021_p058_t2.csv;15;14;PESO LÍQUIDO POR MÊS (EM TONELADAS) |  |  |  |  |  |  |  |  |  |  |  |  | 
2021;59;1;slu_2021_p059_t1.csv;15;21;PESO LÍQUIDO POR MÊS |  |  |  |  |  |  |  |  |  |  |  |  |  |  |  |  |  |  |  | 
2021;60;1;slu_2021_p060_t1.csv;15;24;PESO LÍQUIDO POR MÊS |  |  |  |  |  |  |  |  |  |  |  |  |  |  |  |  |  |  |  |  |  |  | 
2021;60;2;slu_2021_p060_t2.csv;7;6; | Mês |  |  | Total doação (t) | 
2021;60;3;slu_2021_p060_t3.csv;7;6; | Mês |  |  | Total doação (t) | 
2021;61;1;slu_2021_p061_t1.csv;11;39;8. CUSTOS DE SERVIÇOS As empresas contratadas para os serviços de limpeza urbana e de coleta e destinação de resíduos dos serviços de saúde receberam juntas, em média, R$ 27,8 milhões por mês ao longo
2021;62;1;slu_2021_p062_t1.csv;8;16;s a iV e d m e g a v a L | s o r u o d a r g o L e | s o c ilb ú p | R$ 76.683,30 | R$ 76.683,30 | R$ 76.683,30 | R$ 76.683,30 | R$ 76.683,30 | R$ 76.657,98 | R$ 76.650,38 | R$ 76.650,38 | R$ 76.650,3
2021;62;2;slu_2021_p062_t2.csv;2;1;R$
2021;63;1;slu_2021_p063_t1.csv;10;39;LOTE II |  |  |  |  |  |  |  |  |  |  |  |  |  |  |  |  |  |  |  |  |  |  |  |  |  |  |  |  |  |  |  |  |  |  |  |  |  | 
2021;64;1;slu_2021_p064_t1.csv;8;17;e d m e g a v a L | e s a iV | s o r u o d a r g o L | s o R$ 62.104,34 c ilb ú P | R$ 63.371,78 | R$ 63.371,78 | R$ 62.800,90 | R$ 55.019,46 | R$ 59.803,76 | R$ 58.697,39 | R$ 60.002,48 | R$ 60.002,4
2021;65;1;slu_2021_p065_t1.csv;10;43;LOTE III |  |  |  |  |  |  |  |  |  |  |  |  |  |  |  |  |  |  |  |  |  |  |  |  |  |  |  |  |  |  |  |  |  |  |  |  |  |  |  |  |  | 
2021;66;1;slu_2021_p066_t1.csv;9;27;s a iV e d m e g a v a L |  | s o r u o d a r g o L e |  | s o c ilb ú P |  |  | R$ 71.030,64 |  |  | R$ 71.030,64 |  |  | R$ 71.030,64 | R$ 71.030,64 | R$ 63.089,86 | R$ 63.089,86 | R$ 63.089,86 | R$
2021;67;1;slu_2021_p067_t1.csv;11;39;RESÍDUOS DA SAÚDE JAN FEV MAR ABR MAI JUN JUL AGO SET OUT NOV DEZ R$ 339.479,22 R$ 321.909,67 - R$ 0,00 R$ 40,98 R$ 50,86 R$ 90,92 R$ 57,91 R$ 494,09 R$ 51,78 R$ - R$ 23,52 TOTAL R$ 662.198,95 8.1 VAL
2021;67;2;slu_2021_p067_t2.csv;4;35;RESÍDUOS DA SAÚDE |  |  |  |  |  |  |  |  |  |  |  |  |  |  |  |  |  |  |  |  |  |  |  |  |  |  |  |  |  |  |  |  |  | 
2021;68;1;slu_2021_p068_t1.csv;9;18;m e g a v a L | e s a iV e d | o r u o d a r g o L | s o c ilb R$ 209.818,28 ú P s | R$ 211.085,72 | R$ 211.085,72 | R$ 210.514,84 | R$ 194.792,62 | R$ 199.551,60 | R$ 198.437,63 | R$ 199.742,72 | R$ 
2021;68;2;slu_2021_p068_t2.csv;2;1;R$
2021;68;3;slu_2021_p068_t3.csv;2;1;R$
2021;68;4;slu_2021_p068_t4.csv;2;1;R$
2021;68;5;slu_2021_p068_t5.csv;2;1;R$
2021;68;6;slu_2021_p068_t6.csv;2;1;R$
2021;68;7;slu_2021_p068_t7.csv;2;1;R$
2021;68;8;slu_2021_p068_t8.csv;2;1;R$
2021;68;9;slu_2021_p068_t9.csv;2;1;R$
2021;68;10;slu_2021_p068_t10.csv;2;1;R$
2021;68;11;slu_2021_p068_t11.csv;2;1;R$
2021;68;12;slu_2021_p068_t12.csv;2;1;R$
2021;69;1;slu_2021_p069_t1.csv;20;18; | URE - Aterramento (2021) |  |  |  |  |  |  |  |  |  |  |  |  |  |  |  | 
2021;69;2;slu_2021_p069_t2.csv;4;1;EXECUÇÃO DOS
2021;69;3;slu_2021_p069_t3.csv;3;1;Custo
2021;69;4;slu_2021_p069_t4.csv;3;1;Custo
2021;69;5;slu_2021_p069_t5.csv;3;1;Custo
2021;69;6;slu_2021_p069_t6.csv;11;9; | Aterro Sanitário de Brasília - Aterramento (2021) |  |  |  |  |  |  | 
2021;70;1;slu_2021_p070_t1.csv;4;8; | Outubro |  | R$ 52,32 |  | R$ 3.377.674,56 |  | 
2021;70;2;slu_2021_p070_t2.csv;16;15; | Custo da Operação dos Papa Entulho (PEV) |  |  |  |  |  |  |  |  |  |  |  |  | 
2021;70;3;slu_2021_p070_t3.csv;9;14; | UTMB PSul - Unidade de Tratamento Mecânico Biológico da Ceilândia (Psul) (2021) |  |  |  |  |  |  |  |  |  |  |  | 
2021;70;4;slu_2021_p070_t4.csv;4;1;TRANSPORTE
2021;70;5;slu_2021_p070_t5.csv;2;1;Custo por
2021;70;6;slu_2021_p070_t6.csv;2;1;OPERAÇÃO DE
2021;70;7;slu_2021_p070_t7.csv;2;1;Custo por
2021;70;8;slu_2021_p070_t8.csv;2;1;Custo por
2021;70;9;slu_2021_p070_t9.csv;2;1;TRANSPORTE
2021;70;10;slu_2021_p070_t10.csv;2;1;Custo por
2021;71;1;slu_2021_p071_t1.csv;11;10;Abril | R$ 628.278,75 | R$ 43,62/ R$ 43,09 | R$ 171.334,52 | R$ 52,29/ R$ 26,31 | R$ 389.480,60 | R$ 31,61 / R$ 18,3 | R$ - | R$ 748,73/ R$ 995,4 | R$ 1.189.093,87
2021;71;2;slu_2021_p071_t2.csv;16;6;UTMB PSul - Unidade de Tratamento Mecânico Biológico da Ceilândia (Psul) (2021) |  |  |  |  | 
2021;77;1;slu_2021_p077_t1.csv;9;3;Nº SEI | Contratação | Status
2021;78;1;slu_2021_p078_t1.csv;8;3;00094-00003128/2021-20 | Chamada Pública para cadastramento e habilitação com vistas à contratação de Organizações de Catadores, como forma de inclusão socioprodutiva pela priorização da contratação d
2021;78;2;slu_2021_p078_t2.csv;3;3;Nº SEI | Contratação | Status
2021;79;1;slu_2021_p079_t1.csv;12;3;Nº SEI | Descrição | Status
2021;80;1;slu_2021_p080_t1.csv;5;6; | Faixas de aproveitamento para pagamento da prestação do serviço de triagem |  |  |  | 
2021;81;1;slu_2021_p081_t1.csv;20;6;Contratos e resultados da triagem por cooperativa |  |  |  |  | 
2021;82;1;slu_2021_p082_t1.csv;4;6;Recicle a Vida | jun/2020 a jun/2021 | 31/2018 | R$ 304,14 | 3573,85 | 1.086.951,84
2021;82;2;slu_2021_p082_t2.csv;11;6;Aproveitamento da Coleta Seletiva por cooperativa nas RA – 2021 |  |  |  |  | 
2021;83;1;slu_2021_p083_t1.csv;3;15; | Candangolândia e Núcleo Bandeirante |  | Média Alta |  |  | 216,408 |  |  | 22,62 |  |  | 90% |  | 
2021;84;1;slu_2021_p084_t1.csv;13;7; | Cooperativas de coleta seletiva inclusiva |  |  |  |  | 
2021;86;1;slu_2021_p086_t1.csv;22;21; |  |  |  | Família de material |  |  |  |  |  |  |  |  |  |  |  |  |  | Total Geral |  | 
2021;87;1;slu_2021_p087_t1.csv;7;5;Família | Peso (Kg) | Total Comercializado (R$) | Total pago pelo SLU (R$) | Preço Unitário Médio (R$/Kg)
2021;89;1;slu_2021_p089_t1.csv;8;7;PRINCIPAIS COMPRADORES |  |  |  |  |  | 
2021;89;2;slu_2021_p089_t2.csv;5;19; | Cooperativas/Associações com contratos APENAS de coleta seletiva |  |  |  |  |  |  |  |  |  |  |  |  |  |  |  |  | 
2021;89;4;slu_2021_p089_t4.csv;2;1;TOTAL DE
2021;89;5;slu_2021_p089_t5.csv;2;1;PRESIDENTE/
2021;89;6;slu_2021_p089_t6.csv;2;1;CONTAT
2021;90;1;slu_2021_p090_t1.csv;5;11;2 | Ecolimpo | ADE Cpnj. O I Lote 09 B. Bom Sucesso - São Sebastião/DF | 19.289.264/0001-35 | 5 | 6 | 11 | São Sebastião | Santana | 8573-0401 | cooperativaecolimpodf@gmail.com
2021;90;2;slu_2021_p090_t2.csv;7;11; | Cooperativas/Associações com contratos APENAS de triagem |  |  |  |  |  |  |  |  | 
2021;90;3;slu_2021_p090_t3.csv;2;1;TOTAL DE
2021;90;4;slu_2021_p090_t4.csv;2;1;RA DE PRESTAÇÃO
2021;90;5;slu_2021_p090_t5.csv;2;1;PRESIDENTE/
2021;91;1;slu_2021_p091_t1.csv;10;9;6 | Coopativa | SIA. Trecho 17 Lote 1.660/1.700 - Brasília/DF | 05.247.950/0001-39 | 22 | SIA | Edson/ José Avelar | 98246-9563/ 99157-5999 | coopativabrasilia@gmail.com
2021;92;1;slu_2021_p092_t1.csv;15;11;Cooperativas/Associações COM contrato de coleta seletiva E triagem |  |  |  |  |  |  |  |  |  | 
2021;93;1;slu_2021_p093_t1.csv;19;9;Cooperativas/Associações SEM contrato com o SLU |  |  |  |  |  |  |  | 
2021;94;1;slu_2021_p094_t1.csv;2;3;Total de Catadores | 1.220 | 100%
2021;96;1;slu_2021_p096_t1.csv;18;12;Quadro Resumo Da Gestão Das IRR Em Funcionamento |  |  |  |  |  |  |  |  |  |  | 
2021;97;1;slu_2021_p097_t1.csv;16;9; | IRR PSUL |  |  |  |  |  |  | 
2021;98;1;slu_2021_p098_t1.csv;16;13; | IRR SCIA NOVO |  |  | IRR SAAN |  |  | CTR 1 e 2 |  |  | SIA - Trecho 17 |  | 
2021;99;1;slu_2021_p099_t1.csv;17;13; | IRR BRAZLÂNDIA |  |  |  |  |  | IRR PARANOÁ |  |  |  |  | 
2021;99;2;slu_2021_p099_t2.csv;9;10; | ENTRADA DE RESIDUOS E SAÍDAS DE REJEITO |  |  |  |  |  |  |  | 
2021;99;3;slu_2021_p099_t3.csv;5;1;GALPÃO
2021;100;1;slu_2021_p100_t1.csv;32;11; |  |  | Setembro |  |  | 54,69 |  |  | 4,90 | 
2021;100;2;slu_2021_p100_t2.csv;6;1;GALPÃO
2021;100;3;slu_2021_p100_t3.csv;6;1;GALPÃO
2021;101;1;slu_2021_p101_t1.csv;29;11; |  |  |  | TOTAL |  |  | 254,22 |  |  | 70,20
2021;101;2;slu_2021_p101_t2.csv;5;1;GALPÃO
2021;101;3;slu_2021_p101_t3.csv;5;1;GALPÃO
2021;102;1;slu_2021_p102_t1.csv;16;9; | Quantidade Mensal Recebida SLU (Ton) |  |  |  |  |  |  | 
2021;102;2;slu_2021_p102_t2.csv;9;42;ENTRADA DE RESÍDUOS NAS UNIDADES GERENCIADAS PELO SLU E GALPÕES PRÓPRIOS DE COOPERATIVAS/T |  |  |  |  |  |  |  |  |  |  |  |  |  |  |  |  |  |  |  |  |  |  |  |  |  |  |  |  |  |  |  |  |  |  |  |  |
2021;103;1;slu_2021_p103_t1.csv;40;42; | CTR 2 |  |  | 660,59 |  |  | 712,59 |  |  | 784,34 |  |  | 753,52 |  |  | 684,45 |  |  | 677,03 |  |  | 664,87 |  |  | 658,87 |  |  | 685,44 |  |  | 634,38 |  |  | 613,47 |  |  | 710,67 |  |  | 8.2
2021;104;1;slu_2021_p104_t1.csv;28;42; | Coopere |  |  | 32,73 |  |  | 30,93 |  |  | 43,39 |  |  | 32,00 |  |  | 30,06 |  |  | 28,51 |  |  | 31,52 |  |  | 32,83 |  |  | 31,69 |  |  | 33,16 |  |  | 31,00 |  |  | 41,13 |  |  | 398,95 | 
2021;104;2;slu_2021_p104_t2.csv;3;6; | RA |  |  | Representatividade | 
2021;105;1;slu_2021_p105_t1.csv;24;6; | Ceilândia |  |  | 7,62% | 
2021;106;1;slu_2021_p106_t1.csv;17;9; | Galpão |  |  | Peso (Ton) |  |  | Viagens | 
2021;107;1;slu_2021_p107_t1.csv;15;7; | CTR, IRR PSUL, IRR SCIA NOVO, IRR SAAN, e SIA - Trecho 17 |  |  |  |  | 
2021;107;2;slu_2021_p107_t2.csv;10;7; | IRR PSUL |  |  |  |  | 
2021;108;1;slu_2021_p108_t1.csv;6;3;Agosto | 234,04 | 47%
2021;108;2;slu_2021_p108_t2.csv;3;12; | Média de Aproveitamento IRR/CTR |  |  |  |  |  |  |  |  |  | 
2021;109;1;slu_2021_p109_t1.csv;3;5; | TOTAL DE RESÍDUOS QUE ENTRARAM NAS IRRs E CTRs EM 2021 |  |  | 
2021;109;2;slu_2021_p109_t2.csv;6;14;Cooperativa |  |  | Mês da doação |  |  |  | Doação de Resíduo |  |  | Doação de Resíduo |  | Doações totais (Ton) | 
2021;109;3;slu_2021_p109_t3.csv;2;1;Mês da
2021;110;1;slu_2021_p110_t1.csv;17;15; | Obstáculos |  |  |  |  |  |  |  |  |  |  |  |  | 
2021;112;1;slu_2021_p112_t1.csv;4;9;Atividade |  | Unidade | Ano 2018 | Ano 2019 | Ano 2020 -A | Ano 2021 -B | Comparativo B/A (%) | 
2021;112;2;slu_2021_p112_t2.csv;2;1;Ano 2020
2021;112;3;slu_2021_p112_t3.csv;2;1;Ano 2021
2021;112;4;slu_2021_p112_t4.csv;2;1;Comparativo
2021;112;5;slu_2021_p112_t5.csv;6;1;Coleta dos
2021;118;1;slu_2021_p118_t1.csv;23;12; | Prioridade |  |  | ID |  |  | Necessidade |  |  | Área | 
2021;119;1;slu_2021_p119_t1.csv;5;6; | QUANTIDADE |  |  | DOCUMENTO | 
2021;123;1;slu_2021_p123_t1.csv;16;12; | ANÁLISE DE NOTÍCIAS |  |  |  |  |  |  |  |  |  | 
2021;124;1;slu_2021_p124_t1.csv;9;37; | ATENDIMENTO À IMPRENSA |  |  |  |  |  |  |  |  |  |  |  |  |  |  |  |  |  |  |  |  |  |  |  |  |  |  |  |  |  |  |  |  |  |  | 
2021;124;2;slu_2021_p124_t2.csv;9;37; | ENTREVISTAS CONCEDIDAS |  |  |  |  |  |  |  |  |  |  |  |  |  |  |  |  |  |  |  |  |  |  |  |  |  |  |  |  |  |  |  |  |  |  | 
2021;125;1;slu_2021_p125_t1.csv;16;11; | Matérias publicadas no site, na intranet e nos perfis de redes sociais do SLU |  |  |  |  |  |  |  |  | 
2021;125;2;slu_2021_p125_t2.csv;5;5; | REDE |  |  | SEGUIDORES
2021;127;1;slu_2021_p127_t1.csv;6;9; | 6ª FASE |  |  |  |  |  |  | 
2021;127;2;slu_2021_p127_t2.csv;6;9; | 7ª FASE |  |  |  |  |  |  | 
2021;127;3;slu_2021_p127_t3.csv;8;5;Região Administrativa |  |  | Data | Público atingido estimado
2021;127;4;slu_2021_p127_t4.csv;2;1;Região
2021;127;5;slu_2021_p127_t5.csv;2;1;Público atingido
2022;14;1;slu_2022_p014_t1.csv;17;19; | FORÇA DE TRABALHO |  |  |  |  |  |  |  |  |  |  |  |  |  |  |  |  | 
2022;15;1;slu_2022_p015_t1.csv;8;12; | DIRETORIAS |  |  | COM CARGO |  |  | SEM CARGO |  |  | TOTAL | 
2022;15;2;slu_2022_p015_t2.csv;8;12; | DIRETORIAS |  |  | PREENCHIDOS |  |  | VAGOS |  |  | TOTAL | 
2022;16;1;slu_2022_p016_t1.csv;14;6; | MÊS |  |  | QUANTIDADE | 
2022;16;2;slu_2022_p016_t2.csv;12;11; | SÍNTESE DE PALESTRAS, CURSOS E TREINAMENTOS REALIZADOS POR OUTROS ÓRGÃOS - 2022 |  |  |  |  |  |  |  |  | 
2022;17;1;slu_2022_p017_t1.csv;45;11; |  |  |  |  | Sistema Eletrônico de Informações (SEI) – Módulo: Usar (Presencial) |  |  | 3 |  | 
2022;18;1;slu_2022_p018_t1.csv;45;5; |  | Ética, uma questão de escolha |  | 2
2022;19;1;slu_2022_p019_t1.csv;43;11; |  |  |  |  | Curso Internacional de Resposta a Emergências com Produtos Perigosos - HAZMAT em Nível Operações | AMBIPAR |  | 1 |  | 
2022;20;1;slu_2022_p020_t1.csv;20;9; |  |  | Acordo Ortográfico da Língua Portuguesa - EGOV | EGOV |  | 1 |  | 
2022;21;1;slu_2022_p021_t1.csv;9;70; | PESSOAL ENVOLVIDO NA LIMPEZA URBANA |  |  |  |  |  |  |  |  |  |  |  |  |  |  |  |  |  |  |  |  |  |  |  |  |  |  |  |  |  |  |  |  |  |  |  |  |  |  |  |  |  |  |  |  |  |  |  |  |  |  |  |  |  | 
2022;21;2;slu_2022_p021_t2.csv;4;1;Médico do Trabalho
2022;21;3;slu_2022_p021_t3.csv;3;1;Engenheiro / Técnico
2022;21;4;slu_2022_p021_t4.csv;2;1;Administrativo/
2022;22;1;slu_2022_p022_t1.csv;14;91; |  | ,B S A L A O S S E P | ,E R U | / A V IT A R E P O O C | E O Ã Ç A IC O S S A | S A N IS U |  |  |  | o s iP e d la c s iF |  |  | e d r o d a r e p O | a n iu q á M |  |  | a t s ir o t o M |  
2022;24;1;slu_2022_p024_t1.csv;18;18; | DIVISÃO DO ORÇAMENTO (R$) |  |  |  |  |  |  |  |  |  |  |  |  |  |  |  | 
2022;25;1;slu_2022_p025_t1.csv;15;26; | VALORES DAS FONTES |  |  |  |  |  |  |  |  |  |  |  |  |  |  |  |  |  |  |  |  |  |  |  | 
2022;25;2;slu_2022_p025_t2.csv;14;20; | QUADRO LOA x DESPESA (EM R$) |  |  |  |  |  |  |  |  |  |  |  |  |  |  |  |  |  | 
2022;26;2;slu_2022_p026_t2.csv;19;6; | EVOLUÇÃO TLP (R$) |  |  |  | 
2022;27;1;slu_2022_p027_t1.csv;13;15; | TAXA DE LIMPEZA PÚBLICA (EM R$) |  |  |  |  |  |  |  |  |  |  |  |  | 
2022;27;2;slu_2022_p027_t2.csv;6;9; | TIPO DE DESPESA |  |  | TOTAL |  |  | MÉDIA/MÊS | 
2022;27;3;slu_2022_p027_t3.csv;7;9; | TIPO DE DESPESA |  |  | TOTAL |  |  | MÉDIA/MÊS | 
2022;28;1;slu_2022_p028_t1.csv;38;17;CONTRATO Nº | EMPRESA |  |  |  | DATA DE ASSINATURA/ |  | OBJETO |  |  |  | DATA DO TÉRMINO |  | VALOR (R$) | EXECUTORES E SUPLENTES |  | 
2022;28;2;slu_2022_p028_t2.csv;2;1;MENSAL: R$ 137.452,45
2022;28;3;slu_2022_p028_t3.csv;2;1;NEOENERGIA DISTRIBUICAO
2022;28;4;slu_2022_p028_t4.csv;2;1;EDSON RODRIGUES DA SILVA E MARIA
2022;28;5;slu_2022_p028_t5.csv;2;1;NEOENERGIA DISTRIBUICAO
2022;28;6;slu_2022_p028_t6.csv;2;1;GUSTAVO DE OLIVEIRA COSTA E ALLAN
2022;28;7;slu_2022_p028_t7.csv;2;1;NAVARRO PROCESSAMENTO DE
2022;28;8;slu_2022_p028_t8.csv;2;1;MENSAL: R$ 28.215,00
2022;28;9;slu_2022_p028_t9.csv;2;1;ANDRE LUIZ JUNQUEIRA GUIMARÃES/
2022;28;10;slu_2022_p028_t10.csv;2;1;NOTORIUN TECNOLOGIA EM
2022;28;11;slu_2022_p028_t11.csv;2;1;EMPRESA ESPECIALIZADA EM GERAÇÃO DE
2022;28;12;slu_2022_p028_t12.csv;2;1;PATRICIA LEMOS XAVIER/CLAUDIA DE
2022;28;13;slu_2022_p028_t13.csv;2;1;MENSAL: R$ 46.488,00
2022;29;1;slu_2022_p029_t1.csv;42;11;03/2020 | CEB | 29/01/2020 | FORNECIMENTO DE ENERGIA ELÉTRICA |  |  | 02/02/2025 | GLOBAL: R$ 250.000,00 | NATÁLIA GOMES TEIXEIRA E LUÍS FERNANDO MONTEIRO BARBOSA |  | 
2022;29;2;slu_2022_p029_t2.csv;2;1;HBL CARIMBOS E PLACAS
2022;29;3;slu_2022_p029_t3.csv;3;1;LUÍS FERNANDO MONTEIRO BARBOSA
2022;29;4;slu_2022_p029_t4.csv;2;1;CALEVI MINERADORA E
2022;29;5;slu_2022_p029_t5.csv;3;1;THAYANE DAS NEVES SOARES
2022;29;6;slu_2022_p029_t6.csv;2;1;UATUMÃ TURISMO E EVENTOS
2022;29;7;slu_2022_p029_t7.csv;2;1;N.P. CAPACITAÇÃO E SOLUÇÕES
2022;29;8;slu_2022_p029_t8.csv;2;1;LUCINEIDE MARIA BASTOS DOS
2022;29;9;slu_2022_p029_t9.csv;2;1;P & B SISTEMAS DE SEGURANCA
2022;29;10;slu_2022_p029_t10.csv;2;1;KEVEN WILLIAM NASCIMENTO DA
2022;29;11;slu_2022_p029_t11.csv;2;1;UNIVERSIDADE PATATIVA DO
2022;29;12;slu_2022_p029_t12.csv;2;1;MARIA DO ROSÁRIO DE LIMA GALENO/
2022;30;1;slu_2022_p030_t1.csv;4;8; |  |  | PONTOS DE ENTREGA VOLUNTÁRIA - PEVS, NAS UNIDADES DE CONSUMO . |  |  |  | 
2022;30;2;slu_2022_p030_t2.csv;5;6;CONTRATO Nº | EMPRESA | DATA DE ASSINATURA / INÍCIO DA VIGÊNCIA | OBJETO | TÉRMINO DA VIGÊNCIA | VALOR
2022;30;3;slu_2022_p030_t3.csv;11;10;CONTRATO Nº | EMPRESA | DATA DE ASSINATURA/ INÍCIO DA VIGÊNCIA | OBJETO |  | TÉRMINO DA VIGÊNCIA | VALOR (R$) | EXECUTORES E SUPLENTES |  | 
2022;30;4;slu_2022_p030_t4.csv;2;1;"""PRESTAÇÃO DE SERVIÇO, EM CARÁTER"
2022;31;1;slu_2022_p031_t1.csv;11;9;CONTRATO Nº | EMPRESA | DATA DE ASSINATURA/ INÍCIO DA VIGÊNCIA | OBJETO |  |  | TÉRMINO DA VIGÊNCIA | VALOR (R$) | EXECUTORES E SUPLENTES
2022;31;2;slu_2022_p031_t2.csv;3;1;LEANDRO HENRIQUE ANTUNES DE
2022;31;3;slu_2022_p031_t3.csv;3;1;DANIEL ROCHA ALVES/ THAYANE DAS
2022;31;4;slu_2022_p031_t4.csv;2;1;SISTEMA INTEGRADO DE SEGURANÇA
2022;31;5;slu_2022_p031_t5.csv;2;1;FABIANO MAGALHÃES SILVA E RAFAEL
2022;31;6;slu_2022_p031_t6.csv;17;12;CONTRATO Nº | EMPRESA | DATA DE ASSINATURA/ INÍCIO DA VIGÊNCIA |  | OBJETO |  |  | TÉRMINO DA VIGÊNCIA | VALOR (R$) |  | EXECUTORES E SUPLENTES | 
2022;31;7;slu_2022_p031_t7.csv;2;1;TÉRMINO DA
2022;31;8;slu_2022_p031_t8.csv;2;1;FORNECIMENTO DE MÃO DE OBRA DE REEDUCANTO
2022;31;9;slu_2022_p031_t9.csv;5;1;CONTRATAÇÃO DE UM PROJETO DE SEGURANÇA
2022;32;1;slu_2022_p032_t1.csv;12;8;30/2021 | AMBIENTAL TECNOL CONSULTORIA EIRELI | 24/01/2022 |  | ELABORAÇÃO DE RELATÓRIO DE INVESTIGAÇÃO DE | 20/01/2023 | R$ 20.999,00 | ANDERSON FERNANDES DE MOURA, HELENA MAGALHÃES GOMES GARCIA E CA
2022;32;2;slu_2022_p032_t2.csv;3;1;ANDERSON FERNANDES DE MOURA,
2022;32;3;slu_2022_p032_t3.csv;4;1;HELENA MAGALHÃES GOMES
2022;32;4;slu_2022_p032_t4.csv;2;1;OH PROJETOS SERVIÇOS DE CONSTRUÇÃO
2022;32;5;slu_2022_p032_t5.csv;34;11;CONTRATO Nº | EMPRESA |  | DATA DE |  | OBJETO | TÉRMINO DA VIGÊNCIA | VALOR (R$) | EXECUTORES E SUPLENTES |  | 
2022;32;6;slu_2022_p032_t6.csv;2;1;TÉRMINO DA
2022;32;7;slu_2022_p032_t7.csv;2;1;SUSTENTARE SANEAMENTO
2022;32;8;slu_2022_p032_t8.csv;2;1;SERVIÇO DE COLETA URBANA -
2022;32;9;slu_2022_p032_t9.csv;2;1;MONITORAMENTO E MANUTENÇÃO
2022;32;10;slu_2022_p032_t10.csv;2;1;CONSITA TRATAMENTO DE
2022;32;11;slu_2022_p032_t11.csv;2;1;SERVIÇO DE COLETA URBANA - LOTE
2022;33;1;slu_2022_p033_t1.csv;51;13;19/2020 |  | HYDROS SOLUÇÕES |  | 23/10/2020 |  | PRESTAÇÃO DE SERVIÇOS |  | 07/11/2023 | GLOBAL R$ 20.622.753,82 |  | ANA SOFIA CAVALCANTI JUCÁ, BRUNO DOS SANTOS NEVES, | 
2022;33;2;slu_2022_p033_t2.csv;3;1;BRUNA KARLA SOARES ARAUJO/ ANDRÉ LUIZ JUNQUEIRA
2022;33;3;slu_2022_p033_t3.csv;2;1;BELFORT GERENCIAMENTO
2022;33;4;slu_2022_p033_t4.csv;2;1;JOSÉ NILTON ARRAIS DA SILVA, CÁSSIO MACIEL LEMOS E
2022;33;5;slu_2022_p033_t5.csv;3;1;NORESA NOVO RIO ENERGIA
2022;34;1;slu_2022_p034_t1.csv;6;9; |  |  |  | ENTREGA VOLUNTÁRIA DE |  |  |  | 
2022;34;2;slu_2022_p034_t2.csv;41;15;CONTRATO Nº | EMPRESA |  |  |  | DATA DE |  | OBJETO |  |  | TÉRMINO DA VIGÊNCIA | VALOR (R$) | EXECUTORES E SUPLENTES |  | 
2022;34;3;slu_2022_p034_t3.csv;2;1;TÉRMINO DA
2022;34;4;slu_2022_p034_t4.csv;3;1;FRANCISCO ANTONIO MENDES JORGE, ISABELE NOVAIS
2022;34;5;slu_2022_p034_t5.csv;2;1;PROCESSAMENTO DE RESÍDUOS
2022;34;6;slu_2022_p034_t6.csv;2;1;ASSOCIAÇÃO DOS AMBIENTALISTAS
2022;34;7;slu_2022_p034_t7.csv;2;1;PROCESSAMENTO DE RESÍDUOS
2022;34;8;slu_2022_p034_t8.csv;2;1;COOPERATIVA DE RECICLAGEM
2022;34;9;slu_2022_p034_t9.csv;2;1;PROCESSAMENTO DE RESÍDUOS
2022;34;10;slu_2022_p034_t10.csv;3;1;FRANCISCO ANTONIO MENDES JORGE, ISABELE NOVAIS
2022;34;11;slu_2022_p034_t11.csv;2;1;COOPERATIVA OE RECICLAGEM,
2022;34;12;slu_2022_p034_t12.csv;2;1;COOPERATIVA AMBIENTAL DA
2022;34;13;slu_2022_p034_t13.csv;2;1;PROCESSAMENTO DE RESÍDUOS
2022;34;14;slu_2022_p034_t14.csv;2;1;PROCESSAMENTO DE RESÍDUOS
2022;34;15;slu_2022_p034_t15.csv;4;1;COOPERE - COOPERATIVA DE
2022;34;16;slu_2022_p034_t16.csv;3;1;FRANCISCO ANTONIO MENDES JORGE, ISABELE NOVAIS
2022;34;17;slu_2022_p034_t17.csv;3;1;FRANCISCO ANTONIO MENDES JORGE, ISABELE NOVAIS
2022;34;18;slu_2022_p034_t18.csv;2;1;COOPERLIMPO DE CATADORES
2022;35;1;slu_2022_p035_t1.csv;52;13;35/2018 | ASSOCIAÇÃO DE CATADORES RECICLA MAIS BRASIL |  |  | 04/06/2018 | PROCESSAMENTO DE RESÍDUOS SÓLIDOS |  |  | 04/06/2023 | R$ 364.968,00 |  | FRANCISCO ANTONIO MENDES JORGE, ISABELE NOVAIS | 
2022;35;2;slu_2022_p035_t2.csv;2;1;ASSOCIAÇÃO DE CATADORES
2022;35;3;slu_2022_p035_t3.csv;2;1;PROCESSAMENTO DE RESÍDUOS
2022;35;4;slu_2022_p035_t4.csv;2;1;COOPERATIVA RENOVE DE RESÍDUOS
2022;35;5;slu_2022_p035_t5.csv;2;1;PROCESSAMENTO DE RESÍDUOS
2022;35;6;slu_2022_p035_t6.csv;3;1;FRANCISCO ANTONIO MENDES JORGE, ISABELE NOVAIS
2022;35;7;slu_2022_p035_t7.csv;2;1;PROCESSAMENTO DE RESÍDUOS
2022;35;8;slu_2022_p035_t8.csv;3;1;FRANCISCO ANTONIO MENDES JORGE, ISABELE NOVAIS
2022;35;9;slu_2022_p035_t9.csv;2;1;PROCESSAMENTO DE RESÍDUOS
2022;35;10;slu_2022_p035_t10.csv;2;1;PROCESSAMENTO DE RESÍDUOS
2022;35;11;slu_2022_p035_t11.csv;2;1;PROCESSAMENTO DE RESÍDUOS
2022;35;12;slu_2022_p035_t12.csv;2;1;RECICLE A VIDA COOPERATIVA DE
2022;35;13;slu_2022_p035_t13.csv;2;1;PROCESSAMENTO DE RESÍDUOS
2022;35;14;slu_2022_p035_t14.csv;2;1;COOPERATIVA DE CATADORES DE
2022;35;15;slu_2022_p035_t15.csv;2;1;PROCESSAMENTO DE RESÍDUOS
2022;35;16;slu_2022_p035_t16.csv;3;1;FRANCISCO ANTONIO MENDES JORGE, ISABELE NOVAIS
2022;35;17;slu_2022_p035_t17.csv;2;1;PROCESSAMENTO DE RESÍDUOS
2022;35;18;slu_2022_p035_t18.csv;2;1;COLETA SELETIVA DE RESÍDUOS
2022;35;19;slu_2022_p035_t19.csv;2;1;PROCESSAMENTO DE RESÍDUOS
2022;35;20;slu_2022_p035_t20.csv;2;1;COOPERATIVA DE TRABALHO DOS
2022;35;21;slu_2022_p035_t21.csv;2;1;COOPERATIVA, DE RECICLAGEM
2022;36;1;slu_2022_p036_t1.csv;52;9; |  |  |  | URBANOS RECICLÁVEIS SECOS |  |  |  | 
2022;36;2;slu_2022_p036_t2.csv;3;1;FRANCISCO ANTONIO MANDES JORGE/ ISABELA NOVAIS
2022;36;3;slu_2022_p036_t3.csv;2;1;COOPERATIVA DE TRABALHO
2022;36;4;slu_2022_p036_t4.csv;3;1;COOPERATIVA DE TRABALHO
2022;36;5;slu_2022_p036_t5.csv;3;1;FRANCISCO ANTONIO MANDES JORGE/ ISABELA NOVAIS
2022;36;6;slu_2022_p036_t6.csv;4;1;COOPERATIVA DE TRABALHO E DE
2022;36;7;slu_2022_p036_t7.csv;3;1;FRANCISCO ANTONIO MANDES JORGE/ ISABELA NOVAIS
2022;36;8;slu_2022_p036_t8.csv;4;1;COOPERATIVA DE TRABALHO DE
2022;36;9;slu_2022_p036_t9.csv;3;1;FRANCISCO ANTONIO MANDES JORGE/ ISABELA NOVAIS
2022;36;10;slu_2022_p036_t10.csv;3;1;FRANCISCO ANTONIO MANDES JORGE/ ISABELA NOVAIS
2022;36;11;slu_2022_p036_t11.csv;2;1;PLANALTO COOPERATIVA
2022;37;1;slu_2022_p037_t1.csv;52;9; |  |  |  | A REMOÇÃO DO REJEITO PARA |  |  |  | 
2022;37;2;slu_2022_p037_t2.csv;3;1;FRANCISCO ANTONIO MANDES JORGE/ ISABELA NOVAIS
2022;37;3;slu_2022_p037_t3.csv;2;1;COOPERATIVA DE TRABALHO DE
2022;37;4;slu_2022_p037_t4.csv;3;1;FRANCISCO ANTONIO MANDES JORGE/ ISABELA NOVAIS
2022;37;5;slu_2022_p037_t5.csv;2;1;COOPERATIVA DE TRABALHO
2022;37;6;slu_2022_p037_t6.csv;3;1;COOPERATIVA DE TRABALHO DE
2022;37;7;slu_2022_p037_t7.csv;3;1;FRANCISCO ANTONIO MANDES JORGE/ ISABELA NOVAIS
2022;37;8;slu_2022_p037_t8.csv;3;1;FRANCISCO ANTONIO MANDES JORGE/ ISABELA NOVAIS
2022;37;9;slu_2022_p037_t9.csv;2;1;COOPERATIVA DE RECICLAGEM
2022;38;1;slu_2022_p038_t1.csv;51;9; |  |  |  | ÀS NECESSIDADES DO SERVIÇO DE |  |  |  | 
2022;38;2;slu_2022_p038_t2.csv;3;1;FRANCISCO ANTONIO MANDES JORGE/ ISABELA NOVAIS
2022;38;3;slu_2022_p038_t3.csv;2;1;COOPERATIVA DE TRABALHO
2022;38;4;slu_2022_p038_t4.csv;3;1;FRANCISCO ANTONIO MANDES JORGE/ ISABELA NOVAIS
2022;38;5;slu_2022_p038_t5.csv;2;1;COOPERATIVA DE RECICLAGEM,
2022;38;6;slu_2022_p038_t6.csv;4;1;COOPERATIVA DE TRABALHO DE
2022;38;7;slu_2022_p038_t7.csv;3;1;FRANCISCO ANTONIO MANDES JORGE/ ISABELA NOVAIS
2022;38;8;slu_2022_p038_t8.csv;3;1;FRANCISCO ANTONIO MANDES JORGE/ ISABELA NOVAIS
2022;38;9;slu_2022_p038_t9.csv;2;1;COOPERATIVA DE TRABALHO DE
2022;39;1;slu_2022_p039_t1.csv;52;13;17/2022 | COOPERATIVA DE TRABALHO RECICLE A VIDA DE CATADORES DO DF |  |  | 29/04/2022 |  | PRESTAÇÃO DE SERVIÇOS DE |  | 29/04/2023 | R$ 722.477,40 | FRANCISCO ANTONIO MANDES JORGE/ ISABELA NOVAIS OL
2022;39;2;slu_2022_p039_t2.csv;3;1;COOPERATIVA DE TRABALHO
2022;39;3;slu_2022_p039_t3.csv;3;1;FRANCISCO ANTONIO MANDES JORGE/ ISABELA NOVAIS
2022;39;4;slu_2022_p039_t4.csv;3;1;FRANCISCO ANTONIO MANDES JORGE/ ISABELA NOVAIS
2022;39;5;slu_2022_p039_t5.csv;2;1;R3 COOPERATIVA DE CATADORES DE
2022;39;6;slu_2022_p039_t6.csv;4;1;COOPERATIVA E TRABALHO DE
2022;39;7;slu_2022_p039_t7.csv;3;1;FRANCISCO ANTONIO MANDES JORGE/ ISABELA NOVAIS
2022;39;8;slu_2022_p039_t8.csv;3;1;FRANCISCO ANTONIO MANDES JORGE/ ISABELA NOVAIS
2022;39;9;slu_2022_p039_t9.csv;2;1;COOPERATIVA DE CATADORES DE
2022;40;1;slu_2022_p040_t1.csv;49;9; |  |  |  | URBANOS RECICLÁVEIS SECOS |  |  |  | 
2022;40;2;slu_2022_p040_t2.csv;4;1;ASSOCIAÇÃO DE CATADORES DE
2022;40;3;slu_2022_p040_t3.csv;3;1;FRANCISCO ANTONIO MANDES JORGE/ ISABELA NOVAIS
2022;40;4;slu_2022_p040_t4.csv;3;1;FRANCISCO ANTONIO MANDES JORGE/ ISABELA NOVAIS
2022;40;5;slu_2022_p040_t5.csv;2;1;COOPERATIVA TRABALHO DE
2022;40;6;slu_2022_p040_t6.csv;3;1;FRANCISCO ANTONIO MANDES JORGE/ ISABELA NOVAIS
2022;40;7;slu_2022_p040_t7.csv;2;1;COOPERATIVA DE TRABALHO DE
2022;40;8;slu_2022_p040_t8.csv;3;1;FRANCISCO ANTONIO MENDES JORGE, ISABELE NOVAIS
2022;40;9;slu_2022_p040_t9.csv;2;1;COOPERATIVA DE TRABALHO DOS
2022;41;1;slu_2022_p041_t1.csv;9;41; | DESPESAS |  |  |  |  |  |  |  |  |  |  |  |  |  |  |  |  |  |  |  |  |  |  |  |  |  |  |  |  |  |  |  |  |  |  |  |  |  |  | 
2022;42;1;slu_2022_p042_t1.csv;6;38; | DESPESAS |  |  |  |  |  |  |  |  |  |  |  |  |  |  |  |  |  |  |  |  |  |  |  |  |  |  |  |  |  |  |  |  |  |  |  | 
2022;42;2;slu_2022_p042_t2.csv;13;12;Nº | SEDE | NÚCLEO | RA | ENDEREÇO |  | PROPRIEDADE | SITUAÇÃO | ÁREA TOTAL |  | ÁREA | 
2022;42;3;slu_2022_p042_t3.csv;2;1;Processo Regularização
2022;42;4;slu_2022_p042_t4.csv;2;1;Administração Regional do
2022;43;1;slu_2022_p043_t1.csv;27;25;11 |  |  |  | NUBAN |  |  | Núcleo Bandeirante |  |  | Praça Padre Roque, 3ª Avenida, Projeção 2 |  |  | Administração Regional do Núcleo Bandeirante |  |  | Empréstimo |  |  | - |  |  | - |  | 
2022;43;2;slu_2022_p043_t2.csv;2;1;Administração Regional do
2022;43;3;slu_2022_p043_t3.csv;2;1;QNP 28 - Área especial sem número - Setor
2022;43;4;slu_2022_p043_t4.csv;2;1;Processo Regularização
2022;44;1;slu_2022_p044_t1.csv;16;25;31 |  |  |  | NUGAM |  |  | Gama |  |  | Av. Contorno Norte Lt 2 |  |  | Próprio |  |  | Próprio |  |  | 1.000 |  |  | 44 |  | 
2022;44;2;slu_2022_p044_t2.csv;3;1;Instalações de
2022;44;3;slu_2022_p044_t3.csv;2;1;Processo Regularização
2022;45;1;slu_2022_p045_t1.csv;15;6; | QUANTIDADE DE VEÍCULOS POR DIRETORIA E UNIDADE OPERACIONAL |  |  |  | 
2022;49;1;slu_2022_p049_t1.csv;5;33; |  |  |  | JAN |  |  | FEV |  |  | MAR |  |  | ABR |  |  | MAI |  |  | JUN |  | JUL |  | AGO |  | SET |  | OUT | NOV | DEZ | Total lote | Média | 
2022;49;2;slu_2022_p049_t2.csv;5;33; |  |  |  | JAN |  |  | FEV |  |  | MAR |  |  | ABR |  |  | MAI |  |  | JUN |  | JUL |  | AGO |  | SET |  | OUT | NOV | DEZ | Total lote | Média | 
2022;49;3;slu_2022_p049_t3.csv;5;19; |  | JAN | FEV | MAR | ABR | MAI |  |  | JUN | JUL | AGO | SET | OUT | NOV | DEZ | Total lote | Média | 
2022;49;4;slu_2022_p049_t4.csv;5;29; |  | JAN | FEV | MAR | ABR | MAI |  |  | JUN |  | JUL |  | AGO |  | SET |  | OUT |  |  | NOV |  |  | DEZ |  |  | Total lote | Média | 
2022;50;1;slu_2022_p050_t1.csv;5;18; |  | JAN | FEV | MAR | ABR | MAI | JUN |  | JUL | AGO | SET | OUT | NOV | DEZ | Total lote | Média | 
2022;50;2;slu_2022_p050_t2.csv;5;18; |  | JAN | FEV | MAR | ABR | MAI | JUN |  | JUL | AGO | SET | OUT | NOV | DEZ | Total lote | Média | 
2022;50;3;slu_2022_p050_t3.csv;5;18; |  | JAN | FEV | MAR | ABR | MAI | JUN |  | JUL | AGO | SET | OUT | NOV | DEZ | Total lote | Média | 
2022;50;4;slu_2022_p050_t4.csv;5;24; |  |  | JAN |  | FEV |  | MAR |  | ABR |  | MAI |  | JUN |  | JUL | AGO | SET | OUT | NOV | DEZ | Total lote | Média | 
2022;51;1;slu_2022_p051_t1.csv;5;42; |  |  |  | JAN |  |  | FEV |  |  | MAR |  |  | ABR |  |  | MAI |  |  | JUN |  |  | JUL |  |  | AGO |  |  | SET |  |  | OUT |  |  | NOV |  | DEZ | Total lote |  |  | Média | 
2022;51;2;slu_2022_p051_t2.csv;7;43; |  |  |  | JAN |  |  | FEV |  |  | MAR |  |  | ABR |  |  | MAI |  |  | JUN |  |  | JUL |  |  | AGO |  |  | SET |  |  | OUT |  |  | NOV |  |  | DEZ | Total |  |  | Média | 
2022;51;3;slu_2022_p051_t3.csv;4;42; |  |  |  | JAN |  |  | FEV |  | MAR |  |  | ABR |  |  | MAI |  |  | JUN |  |  | JUL |  |  | AGO |  |  | SET |  | OUT |  |  | NOV |  |  | DEZ |  | Total |  |  | Média | 
2022;51;4;slu_2022_p051_t4.csv;5;43; |  |  |  | JAN |  |  | FEV |  | MAR |  |  | ABR |  |  | MAI |  |  | JUN |  |  | JUL |  |  | AGO |  |  | SET |  | OUT |  |  | NOV |  |  | DEZ |  |  | Total lote |  |  | Média | 
2022;52;1;slu_2022_p052_t1.csv;2;38; |  |  |  | JAN |  |  | FEV | MAR |  | ABR |  | MAI | JUN |  | JUL |  |  | AGO |  |  | SET |  |  | OUT |  |  | NOV |  |  | DEZ |  |  | Total |  |  | Média | 
2022;52;2;slu_2022_p052_t2.csv;4;26; |  |  | JAN |  | FEV | MAR |  | ABR | MAI | JUN |  |  | JUL |  | AGO |  | SET | OUT |  | NOV |  | DEZ | Total | Média | 
2022;52;3;slu_2022_p052_t3.csv;4;35; |  |  |  | JAN |  | FEV |  |  | MAR |  |  | ABR |  | MAI |  | JUN |  |  | JUL |  | AGO |  |  | SET |  | OUT |  |  | NOV |  | DEZ | Total | Média | 
2022;52;4;slu_2022_p052_t4.csv;2;38; |  |  |  | JAN |  |  | FEV |  |  | MAR |  |  | ABR |  |  | MAI |  |  | JUN |  |  | JUL |  | AGO |  |  | SET |  | OUT |  |  | NOV |  | DEZ | Total | Média | 
2022;52;5;slu_2022_p052_t5.csv;5;40; |  |  |  | JAN |  |  | FEV |  |  | MAR |  |  | ABR |  |  | MAI |  |  | JUN |  |  | JUL |  |  | AGO |  |  | SET |  | OUT |  |  | NOV |  |  | DEZ | Total lote | Média | 
2022;53;1;slu_2022_p053_t1.csv;5;38; |  |  |  | JAN |  |  | FEV | MAR |  | ABR |  |  | MAI |  |  | JUN |  |  | JUL |  |  | AGO |  |  | SET |  | OUT |  | NOV |  | DEZ |  | Total lote |  |  | Média | 
2022;53;2;slu_2022_p053_t2.csv;5;38; |  |  |  | JAN |  |  | FEV | MAR |  | ABR |  |  | MAI |  |  | JUN |  |  | JUL |  |  | AGO |  |  | SET |  | OUT |  | NOV |  | DEZ |  | Total lote |  |  | Média | 
2022;53;3;slu_2022_p053_t3.csv;2;44; |  |  |  | JAN |  |  | FEV |  |  | MAR |  |  | ABR |  |  | MAI |  |  | JUN |  |  | JUL |  |  | AGO |  |  | SET |  | OUT |  |  | NOV |  |  | DEZ |  |  | Total |  |  | Média | 
2022;53;4;slu_2022_p053_t4.csv;2;41; |  |  |  | JAN |  |  | FEV | MAR |  | ABR |  |  | MAI |  |  | JUN |  |  | JUL |  |  | AGO |  |  | SET |  |  | OUT |  | NOV |  |  | DEZ |  |  | Total lote |  |  | Média | 
2022;54;1;slu_2022_p054_t1.csv;22;24; | ATIVIDADE |  |  | UNIDADE |  |  | 2017 |  |  | 2018 |  |  | 2019 |  |  | 2020 |  |  | 2021 |  |  | 2022 | 
2022;55;1;slu_2022_p055_t1.csv;20;94;EQUIPAMENTOS LIMPEZA URBANA |  |  |  | R O T E L O C O Ã H N IM A C | R O D A T C A P M O C |  |  |  | Ú A B R O T E L O C O Ã H N IM A C |  |  |  | A L O IA G O Ã H N IM A C |  |  | Ú A B O Ã H N IM 
2022;55;2;slu_2022_p055_t2.csv;2;1;EQUIPAMENTOS
2022;56;1;slu_2022_p056_t1.csv;4;74; | S O R R E T A S O D S O T N E M A P IU Q E |  |  | E D O L U C ÍE V | O Ã Ç A Z IL A C S IF / O IO P A |  |  | A C IL U Á R D IH A R IE D A V A C S E |  |  | IC E T S A B A E D O Ã H N IM A C | )A 
2022;56;2;slu_2022_p056_t2.csv;3;1;Unidade de
2022;56;3;slu_2022_p056_t3.csv;4;1;CONSÓRCIO GAE
2022;56;4;slu_2022_p056_t4.csv;5;19; | EQUIPAMENTOS DOS |  | ESCAVADEIRA HIDRÁULICA |  |  | CARRETA TRANSPORTADORA DE |  | PÁ CARREGADEIRA |  |  | CAMINHÃO |  |  | CARRETA DE |  | Total |  | 
2022;58;1;slu_2022_p058_t1.csv;21;1;Até o fim de 2022, o SLU tem em operação 14
2022;59;1;slu_2022_p059_t1.csv;16;44; |  |  |  | JAN |  |  | FEV |  |  | MAR |  |  | ABR |  | MAI |  |  | JUN |  |  | JUL |  |  | AGO |  |  | SET |  |  | OUT |  |  | NOV |  |  | DEZ |  |  | Total |  |  | Média | 
2022;59;2;slu_2022_p059_t2.csv;16;44; |  |  |  | JAN |  |  | FEV |  |  | MAR |  |  | ABR |  | MAI |  |  | JUN |  |  | JUL |  |  | AGO |  |  | SET |  |  | OUT |  |  | NOV |  |  | DEZ |  |  | Total |  |  | Média | 
2022;60;1;slu_2022_p060_t1.csv;16;45; |  |  |  | JAN |  |  | FEV |  |  | MAR |  |  | ABR |  |  | MAI |  |  | JUN |  |  | JUL |  |  | AGO |  |  | SET |  |  | OUT |  |  | NOV |  |  | DEZ |  |  | Total |  |  | Média | 
2022;60;2;slu_2022_p060_t2.csv;17;6; | REGIÃO |  |  | ENDEREÇO | 
2022;61;1;slu_2022_p061_t1.csv;6;6;São Sebastião |  |  | Quadra 305, Conjunto 14 AE 02 |  | 
2022;62;1;slu_2022_p062_t1.csv;4;18; | QUANTITATIVOS DE RESÍDUOS ATERRADOS NO ATERRO SANITÁRIO DE BRASÍLIA (EM TONELADAS) |  |  |  |  |  |  |  |  |  |  |  |  |  |  |  | 
2022;63;1;slu_2022_p063_t1.csv;15;24; | QUANTITATIVOS MENSAIS RECEPCIONADOS NO ASB (EM QUILOGRAMAS) |  |  |  |  |  |  |  |  |  |  |  |  |  |  |  |  |  |  |  |  |  | 
2022;63;2;slu_2022_p063_t2.csv;7;12; | ETAPAS DA CONSTRUÇÃO DO ASB |  |  |  |  |  |  |  |  |  | 
2022;64;1;slu_2022_p064_t1.csv;15;6; | MÊS |  |  | VOLUME (M³) | 
2022;64;2;slu_2022_p064_t2.csv;7;18; | NÚMERO DE VIAGENS |  |  |  |  |  |  |  |  |  |  |  |  |  |  |  | 
2022;65;1;slu_2022_p065_t1.csv;8;16; | Junho |  | 1.191 |  |  | 4.156 |  |  | 556 | 12.623 |  |  | 18.526 |  | 
2022;65;2;slu_2022_p065_t2.csv;16;16; | PESO LÍQUIDO POR MÊS (EM TONELADAS) |  |  |  |  |  |  |  |  |  |  |  |  |  | 
2022;65;3;slu_2022_p065_t3.csv;3;22; | PESO LÍQUIDO POR MÊS |  |  |  |  |  |  |  |  |  |  |  |  |  |  |  |  |  |  |  | 
2022;66;1;slu_2022_p066_t1.csv;13;23; | Fevereiro |  | 0,00 |  |  | 1183,98 |  |  | 5.646,75 |  |  | 1.171,90 |  |  | 452,47 |  |  | 419,07 |  | 8.874,17 |  | 
2022;66;2;slu_2022_p066_t2.csv;15;20; | PESO LÍQUIDO POR MÊS (TONELADAS) |  |  |  |  |  |  |  |  |  |  |  |  |  |  |  |  |  | 
2022;67;1;slu_2022_p067_t1.csv;14;6; | MÊS |  |  | TOTAL DOAÇÃO (T) | 
2022;69;1;slu_2022_p069_t1.csv;39;39; | LOTE I |  |  |  |  |  |  |  |  |  |  |  |  |  |  |  |  |  |  |  |  |  |  |  |  |  |  |  |  |  |  |  |  |  |  |  |  | 
2022;70;1;slu_2022_p070_t1.csv;39;39; | LOTE II |  |  |  |  |  |  |  |  |  |  |  |  |  |  |  |  |  |  |  |  |  |  |  |  |  |  |  |  |  |  |  |  |  |  |  |  | 
2022;71;1;slu_2022_p071_t1.csv;39;39; | LOTE III |  |  |  |  |  |  |  |  |  |  |  |  |  |  |  |  |  |  |  |  |  |  |  |  |  |  |  |  |  |  |  |  |  |  |  |  | 
2022;72;1;slu_2022_p072_t1.csv;41;39; | TOTAL |  |  |  |  |  |  |  |  |  |  |  |  |  |  |  |  |  |  |  |  |  |  |  |  |  |  |  |  |  |  |  |  |  |  |  |  | 
2022;73;1;slu_2022_p073_t1.csv;18;24; | URE - ATERRAMENTO |  |  |  |  |  |  |  |  |  |  |  |  |  |  |  |  |  |  |  |  |  | 
2022;73;2;slu_2022_p073_t2.csv;2;1;Custo por
2022;73;3;slu_2022_p073_t3.csv;2;1;Custo por
2022;73;4;slu_2022_p073_t4.csv;2;1;Execução dos serviços de
2022;73;5;slu_2022_p073_t5.csv;2;1;Custo por
2022;73;6;slu_2022_p073_t6.csv;15;9; | ATERRO SANITÁRIO DE BRASÍLIA - ATERRAMENTO |  |  |  |  |  |  | 
2022;74;1;slu_2022_p074_t1.csv;16;15; | CUSTO DA OPERAÇÃO DOS PAPA ENTULHO (PEV) |  |  |  |  |  |  |  |  |  |  |  |  | 
2022;74;2;slu_2022_p074_t2.csv;16;30; | UTMB PSUL - UNIDADE DE TRATAMENTO MECÂNICO BIOLÓGICO DA CEILÂNDIA (PSUL) |  |  |  |  |  |  |  |  |  |  |  |  |  |  |  |  |  |  |  |  |  |  |  |  |  |  |  | 
2022;74;3;slu_2022_p074_t3.csv;3;1;OPERAÇÃO, CONTROLE E
2022;74;4;slu_2022_p074_t4.csv;3;1;TRANSPORTE DE
2022;74;5;slu_2022_p074_t5.csv;2;1;Custo por
2022;74;6;slu_2022_p074_t6.csv;2;1;OPERAÇÃO DE
2022;74;7;slu_2022_p074_t7.csv;2;1;Custo por
2022;74;8;slu_2022_p074_t8.csv;2;1;Custo por
2022;74;9;slu_2022_p074_t9.csv;2;1;TRANSPORTE DE
2022;74;10;slu_2022_p074_t10.csv;2;1;Custo por
2022;75;1;slu_2022_p075_t1.csv;16;12; | UTMB ASA SUL - UNIDADE DE TRATAMENTO MECÂNICO BIOLÓGICO - ASA SUL |  |  |  |  |  |  |  |  |  | 
2022;82;1;slu_2022_p082_t1.csv;5;6; | FAIXAS DE APROVEITAMENTO PARA PAGAMENTO DA PRESTAÇÃO DO SERVIÇO DE TRIAGEM |  |  |  | 
2022;83;1;slu_2022_p083_t1.csv;25;6;CONTRATOS E RESULTADOS DA TRIAGEM POR COOPERATIVA |  |  |  |  | 
2022;84;1;slu_2022_p084_t1.csv;18;9; | APROVEITAMENTO DA COLETA SELETIVA POR COOPERATIVA NAS RAS – 2022 |  |  |  |  |  |  | 
2022;85;1;slu_2022_p085_t1.csv;8;15; | Reciclamais |  | Planaltina I | Média baixa |  | 92,58 |  |  | 14,76 |  |  | 84% |  | 
2022;85;2;slu_2022_p085_t2.csv;2;2;Rejeito | 872
2022;87;1;slu_2022_p087_t1.csv;25;12; | CONTRATOS E RESULTADOS DA COLETA SELETIVA INCLUSIVA POR COOPERATIVA/ASSOCIAÇÃO |  |  |  |  |  |  |  |  |  | 
2022;89;1;slu_2022_p089_t1.csv;15;21; | RESÍDUOS RECUPERADOS EM TONELADAS POR MÊS EM 2022 (TONELADAS) |  |  |  |  |  |  |  |  |  |  |  |  |  |  |  |  |  |  | 
2022;90;1;slu_2022_p090_t1.csv;22;21; |  |  |  | Família de materiais |  |  |  |  |  |  |  |  |  |  |  |  |  |  |  | 
2022;91;1;slu_2022_p091_t1.csv;7;15; | Família |  |  | Peso (Ton) |  |  | Total Comercializado (R$) |  |  | Total pago pelo SLU (R$) |  |  | Preço Unitário Médio (R$/Kg) | 
2022;91;2;slu_2022_p091_t2.csv;7;15;Material |  |  | Média de Valor Unitário do comercializado (R$/Kg) (A) |  |  | Média de Valor Unitário pago pelo SLU (R$/Kg) (B) |  |  | Média de Valor Unitário total (R$/kg) (C) |  |  | Valorização d
2022;91;3;slu_2022_p091_t3.csv;2;1;Média de Valor Unitário do
2022;91;4;slu_2022_p091_t4.csv;2;1;Média de Valor Unitário pago
2022;91;5;slu_2022_p091_t5.csv;2;1;Média de Valor Unitário total
2022;91;6;slu_2022_p091_t6.csv;2;1;Valorização do Valor Unitário
2022;94;1;slu_2022_p094_t1.csv;8;9; | PRINCIPAIS COMPRADORES |  |  |  |  |  |  | 
2022;94;2;slu_2022_p094_t2.csv;7;15; | COOPERATIVAS/ASSOCIAÇÕES COM CONTRATOS APENAS DE COLETA SELETIVA |  |  |  |  |  |  |  |  |  |  |  |  | 
2022;94;3;slu_2022_p094_t3.csv;2;1;TOTAL DE
2022;94;4;slu_2022_p094_t4.csv;2;1;RA DE PRESTAÇÃO DE
2022;94;5;slu_2022_p094_t5.csv;2;1;PRESIDENTE/
2022;95;1;slu_2022_p095_t1.csv;10;18;4 |  | Flor do Cerrado | Centro Integrado de Resíduos – Pátio Ferroviário – Brasília/DF | 19.779.233/0001- 62 |  | 4 |  |  | 6 |  |  | 10 |  |  | Planaltina | Osnailton | flordocerradocapital@gmail.co
2022;96;1;slu_2022_p096_t1.csv;12;10;COOPERATIVAS/ASSOCIAÇÕES COM CONTRATOS APENAS DE TRIAGEM |  |  |  |  |  |  |  |  | 
2022;96;2;slu_2022_p096_t2.csv;2;1;TOTAL DE
2022;96;3;slu_2022_p096_t3.csv;2;1;PRESIDENTE/
2022;97;1;slu_2022_p097_t1.csv;3;9;9 |  | Renove | L4 Sul, AE – UTL – USINA Asa Sul – Brasília/DF | 21.097.307/0001-22 | 98 | Asa Sul | Eva | cooperativarenove2019@gmail.com
2022;97;2;slu_2022_p097_t2.csv;8;11;COOPERATIVAS/ASSOCIAÇÕES COM CONTRATOS DE COLETA SELETIVA E TRIAGEM |  |  |  |  |  |  |  |  |  | 
2022;98;1;slu_2022_p098_t1.csv;7;12;6 |  | Cortrap | SCIA Quadra 9, conj. 01, lote 02 – Brasília/DF | 04.091.544/0001-67 |  | 40 |  |  | SCIA | Janilson | cooperativacortrap012018@gmail.com
2022;101;1;slu_2022_p101_t1.csv;23;9; | QUADRO RESUMO DA GESTÃO DAS IRRS EM FUNCIONAMENTO |  |  |  |  |  |  | 
2022;102;1;slu_2022_p102_t1.csv;16;9;IRR SAAN |  |  |  |  |  |  |  | 
2022;102;2;slu_2022_p102_t2.csv;16;7;CTR 1 e 2 |  |  |  |  |  | 
2022;103;1;slu_2022_p103_t1.csv;17;15; |  |  |  | IRR P SUL |  |  |  |  |  | IRR SCIA Q. 09 |  |  |  | 
2022;103;2;slu_2022_p103_t2.csv;2;1;Quantidade Mensal de
2022;103;3;slu_2022_p103_t3.csv;2;1;Quantidade Mensal
2022;103;4;slu_2022_p103_t4.csv;2;1;Quantidade Mensal de
2022;104;1;slu_2022_p104_t1.csv;16;9; | IRR BRAZLÂNDIA |  |  |  |  |  |  | 
2022;104;2;slu_2022_p104_t2.csv;16;9; | IRR PARANOÁ |  |  |  |  |  |  | 
2022;104;3;slu_2022_p104_t3.csv;16;9; | SIA – TRECHO 17 |  |  |  |  |  |  | 
2022;105;1;slu_2022_p105_t1.csv;34;10;GALPÃO PRÓPRIO CEILÂNDIA - Cooperativa Recicle a Vida | Mês |  |  |  | Quantidade Mensal Recebida |  |  | Quantidade Mensal de Rejeito | 
2022;105;2;slu_2022_p105_t2.csv;5;1;GALPÃO
2022;105;3;slu_2022_p105_t3.csv;4;1;GALPÃO
2022;105;4;slu_2022_p105_t4.csv;3;1;GALPÃO
2022;106;1;slu_2022_p106_t1.csv;36;10;Cooperativa Ecolimpo |  | Março |  | 23,50 |  |  | 5,12 |  | 
2022;106;2;slu_2022_p106_t2.csv;2;1;Cooperativa
2022;106;3;slu_2022_p106_t3.csv;5;1;GALPÃO
2022;106;4;slu_2022_p106_t4.csv;4;1;GALPÃO
2022;107;1;slu_2022_p107_t1.csv;6;10; |  | Setembro |  | 52,99 |  |  | 22,13 |  | 
2022;107;2;slu_2022_p107_t2.csv;15;9; | QUANTIDADE MENSAL RECEBIDA (TON) |  |  |  |  |  |  | 
2022;108;1;slu_2022_p108_t1.csv;20;42;IRR/CTR |  |  |  | o r ie n a J |  |  | o r ie r e v e F |  |  | o ç r a M |  |  | lir b A |  |  | o ia M |  |  | o h n u J |  |  | o h lu J |  |  | o t s o g A |  |  | o r b m e t e S |  |  | o r b u
2022;109;1;slu_2022_p109_t1.csv;20;14;PLASFERRO | 0 | 0 | 0 | 0 | 8,36 | 26,12 | 29,35 | 32,07 | 25,94 | 21,93 | 21,14 | 19,76 | 184,67
2022;110;1;slu_2022_p110_t1.csv;12;14;GALPÃO PRÓPRIO CEILÂNDIA | 64,26 | 61,42 | 62,41 | 57,28 | 73,09 | 80,96 | 88,28 | 104,48 | 97,08 | 20,04 | 105,04 | 115,08 | 1.015,82
2022;110;2;slu_2022_p110_t2.csv;2;1;GALPÃO PRÓPRIO
2022;110;3;slu_2022_p110_t3.csv;2;1;SUSTENTARE
2022;110;4;slu_2022_p110_t4.csv;2;1;GALPÃO PRÓPRIO
2022;110;5;slu_2022_p110_t5.csv;2;1;GALPÃO PRÓPRIO SANTA
2022;110;6;slu_2022_p110_t6.csv;2;1;GALPÃO PRÓPRIO SÃO
2022;110;7;slu_2022_p110_t7.csv;2;1;GALPÃO PRÓPRIO
2022;111;1;slu_2022_p111_t1.csv;3;14;COOPERDIFE | 47,72 | 38,92 | 45,62 | 42,62 | 54,86 | 78,00 | 80,27 | 76,95 | 77,84 | 75,35 | 74,64 | 76,81 | 769,60
2022;111;2;slu_2022_p111_t2.csv;5;14;USINA DL SUL | 19,04 | 4,92 | 0 | 12,29 | 0 | 0,87 | 12,59 | 1,73 | 100,38 | 37,14 | 300,51 | 118,15 | 607,62
2022;111;3;slu_2022_p111_t3.csv;2;1;SUSTENTARE
2022;113;1;slu_2022_p113_t1.csv;19;12; | REPRESENTATIVADE DAS RA NA DISTRIBUIÇÃO DE RESÍDUOS PARA IRR/CTR EM 2022 |  |  |  |  |  |  |  |  |  | 
2022;114;1;slu_2022_p114_t1.csv;19;12; | NÚMERO DE VIAGENS POR IRR/CTR NO ANO DE 2022. |  |  |  |  |  |  |  |  |  | 
2022;115;1;slu_2022_p115_t1.csv;16;8; | CTR 1, 2 e IRR SAAN |  |  |  |  |  | 
2022;115;2;slu_2022_p115_t2.csv;16;8; | IRR PSUL |  |  |  |  |  | 
2022;116;1;slu_2022_p116_t1.csv;16;8; | SCIA Q.09 |  |  |  |  |  | 
2022;117;1;slu_2022_p117_t1.csv;3;24; | MÉDIA DE APROVEITAMENTO IRR/CTR |  |  |  |  |  |  |  |  |  |  |  |  |  |  |  |  |  |  |  |  |  | 
2022;129;1;slu_2022_p129_t1.csv;16;12; | ANÁLISE DE NOTÍCIAS |  |  |  |  |  |  |  |  |  | 
2022;130;1;slu_2022_p130_t1.csv;9;37; | ATENDIMENTO À IMPRENSA |  |  |  |  |  |  |  |  |  |  |  |  |  |  |  |  |  |  |  |  |  |  |  |  |  |  |  |  |  |  |  |  |  |  | 
2022;130;2;slu_2022_p130_t2.csv;9;37; | ENTREVISTAS CONCEDIDAS |  |  |  |  |  |  |  |  |  |  |  |  |  |  |  |  |  |  |  |  |  |  |  |  |  |  |  |  |  |  |  |  |  |  | 
2022;131;1;slu_2022_p131_t1.csv;14;9; | RESUMO DAS ATIVIDADES EM 2022 |  |  |  |  |  |  | 
2023;14;1;slu_2023_p014_t1.csv;17;19; | FORÇA DE TRABALHO |  |  |  |  |  |  |  |  |  |  |  |  |  |  |  |  | 
2023;15;1;slu_2023_p015_t1.csv;8;12; | DIRETORIAS |  |  | COM CARGO |  |  | SEM CARGO |  |  | TOTAL | 
2023;15;2;slu_2023_p015_t2.csv;8;12; | DIRETORIAS |  |  | PREENCHIDOS |  |  | VAGOS |  |  | TOTAL | 
2023;16;1;slu_2023_p016_t1.csv;14;6; | MÊS |  |  | QUANTIDADE | 
2023;16;2;slu_2023_p016_t2.csv;17;12;SÍNTESE DE PALESTRAS, CURSOS E TREINAMENTOS REALIZADOS EM 2023 |  |  |  |  |  |  |  |  |  |  | 
2023;17;1;slu_2023_p017_t1.csv;46;4; | Avaliação da qualidade de serviços como base para gestão e melhoria de serviços públicos |  | 2
2023;18;1;slu_2023_p018_t1.csv;11;8; |  | Servidor público 4.0 – Como a inovação pode transformar o serviço público e acelerar a sua carreira? |  |  | 1 |  | 
2023;18;2;slu_2023_p018_t2.csv;34;7;2º TRIMESTRE |  |  |  |  |  | 
2023;19;1;slu_2023_p019_t1.csv;49;9; |  |  | Fundamentos da Gestão da Logística Pública |  |  | 1 |  | 
2023;20;1;slu_2023_p020_t1.csv;43;11;3º TRIMESTRE |  |  |  |  |  |  |  |  |  | 
2023;21;1;slu_2023_p021_t1.csv;44;11;4º TRIMESTRE |  |  |  |  |  |  |  |  |  | 
2023;22;1;slu_2023_p022_t1.csv;9;67;PESSOAL ENVOLVIDO NA LIMPEZA URBANA |  |  |  |  |  |  |  |  |  |  |  |  |  |  |  |  |  |  |  |  |  |  |  |  |  |  |  |  |  |  |  |  |  |  |  |  |  |  |  |  |  |  |  |  |  |  |  |  |  |  |  |  |  |  | 
2023;22;2;slu_2023_p022_t2.csv;4;1;Médico do Trabalho
2023;22;3;slu_2023_p022_t3.csv;3;1;Engenheiro / Técnico
2023;22;4;slu_2023_p022_t4.csv;2;1;Administrativo/
2023;23;1;slu_2023_p023_t1.csv;15;87; |  | ,B S A L A O S S E P | ,E R U | S A / A V IT A R E P O O C | E O Ã Ç A IC O S | S A N IS U |  |  |  | o s iP e d la c s iF |  |  | e d ro d a re p O | a n iu q á M |  |  | a ts iro to M |  |  | 
2023;25;1;slu_2023_p025_t1.csv;18;18; | DIVISÃO DO ORÇAMENTO (R$) |  |  |  |  |  |  |  |  |  |  |  |  |  |  |  | 
2023;26;1;slu_2023_p026_t1.csv;16;21; | VALORES DAS FONTES |  |  |  |  |  |  |  |  |  |  |  |  |  |  |  |  |  |  | 
2023;26;2;slu_2023_p026_t2.csv;15;21; | QUADRO LOA x DESPESA (EM R$) |  |  |  |  |  |  |  |  |  |  |  |  |  |  |  |  |  |  | 
2023;27;2;slu_2023_p027_t2.csv;20;6; | EVOLUÇÃO TLP (R$) |  |  |  | 
2023;28;1;slu_2023_p028_t1.csv;14;15; | TAXA DE LIMPEZA PÚBLICA (EM R$) |  |  |  |  |  |  |  |  |  |  |  |  | 
2023;28;2;slu_2023_p028_t2.csv;6;6; | TIPO DE DESPESA |  |  | TOTAL | 
2023;28;3;slu_2023_p028_t3.csv;7;6; | TIPO DE DESPESA |  |  | TOTAL | 
2023;29;1;slu_2023_p029_t1.csv;41;16;Nº | CONTRATO Nº | EMPRESA |  |  |  | DATA DE |  | OBJETO |  |  | DATA DO TÉRMINO DA VIGÊNCIA | VALOR (R$) | EXECUTORES E SUPLENTES |  | 
2023;29;2;slu_2023_p029_t2.csv;2;1;DATA DO TÉRMINO
2023;29;3;slu_2023_p029_t3.csv;2;1;Valor Global:
2023;29;4;slu_2023_p029_t4.csv;2;1;NEOENERGIA DISTRIBUICAO
2023;29;5;slu_2023_p029_t5.csv;2;1;EDSON RODRIGUES DA SILVA e
2023;29;6;slu_2023_p029_t6.csv;2;1;NEOENERGIA DISTRIBUICAO
2023;29;7;slu_2023_p029_t7.csv;2;1;GUSTAVO DE OLIVEIRA COSTA e
2023;29;8;slu_2023_p029_t8.csv;2;1;PILARES SERVIÇOS
2023;29;9;slu_2023_p029_t9.csv;2;1;Valor Global: R$
2023;29;10;slu_2023_p029_t10.csv;3;1;ANDRE LUIZ JUNQUEIRA
2023;29;11;slu_2023_p029_t11.csv;2;1;NAVARRO PROCESSAMENTO
2023;29;12;slu_2023_p029_t12.csv;2;1;Valor Global:
2023;29;13;slu_2023_p029_t13.csv;2;1;NOTORIUN TECNOLOGIA EM
2023;29;14;slu_2023_p029_t14.csv;2;1;EMPRESA ESPECIALIZADA EM GERAÇÃO DE
2023;29;15;slu_2023_p029_t15.csv;4;1;CENTRO BRASILEIRO DE
2023;29;16;slu_2023_p029_t16.csv;2;1;FORNECIMENTO DE SERVIÇO DE VENDAS DE
2023;29;17;slu_2023_p029_t17.csv;2;1;RUBENS BARROZO DA SILVA /
2023;29;18;slu_2023_p029_t18.csv;2;1;GOLDI SERVIÇOS E
2023;30;1;slu_2023_p030_t1.csv;49;14;14 | 03/2020 | CEB | 29/01/2020 | FORNECIMENTO DE ENERGIA ELÉTRICA |  |  | 28/11/2025 |  |  |  | VITOR SIMÕES COELHO Matrícula nº 281.260-6, como Executor Titular MARCONE MENDONÇA DE ARAÚJO, matrícula
2023;30;2;slu_2023_p030_t2.csv;6;1;VITOR SIMÕES COELHO
2023;30;3;slu_2023_p030_t3.csv;2;1;INDÚSTRIA DE ÁGUA
2023;30;4;slu_2023_p030_t4.csv;2;1;EDSON RODRIGUES DA SILVA e
2023;30;5;slu_2023_p030_t5.csv;2;1;CONNEC –
2023;30;6;slu_2023_p030_t6.csv;2;1;Fernando Sabino Amurim, Luana
2023;30;7;slu_2023_p030_t7.csv;3;1;R$ 51.092,00 (cinquenta
2023;30;8;slu_2023_p030_t8.csv;3;1;MARIA DO ROSÁRIO DE LIMA
2023;30;9;slu_2023_p030_t9.csv;2;1;UNIVERSIDADE PATATIVA DO
2023;30;10;slu_2023_p030_t10.csv;4;1;R$ 27.868,32 (vinte e
2023;30;11;slu_2023_p030_t11.csv;3;1;Luís Fernando Monteiro Barbosa,
2023;30;12;slu_2023_p030_t12.csv;2;1;NEOENERGIA DISTRIBUIÇÃO
2023;30;13;slu_2023_p030_t13.csv;2;1;BRUNO DOS SANTOS NEVES e ANA
2023;30;14;slu_2023_p030_t14.csv;2;1;NP TECNOLOGIA E GESTÃO
2023;30;15;slu_2023_p030_t15.csv;2;1;MARCONE MENDONÇA DE ARAUJO,
2023;30;16;slu_2023_p030_t16.csv;2;1;DEDETIZADORA CASA LIMPA
2023;30;17;slu_2023_p030_t17.csv;2;1;Prestação de serviços de controle de vetores e
2023;30;18;slu_2023_p030_t18.csv;4;1;WANDERLEY DAS CHAGAS
2023;30;19;slu_2023_p030_t19.csv;3;1;Prestação de serviço para revisão e
2023;30;20;slu_2023_p030_t20.csv;2;1;LÍDER ENGENHARIA E GESTÃO
2023;30;21;slu_2023_p030_t21.csv;4;1;GEOVANE BARRETO SAMPAIO,
2023;30;22;slu_2023_p030_t22.csv;2;1;GRÁFICA E EDITORA
2023;30;23;slu_2023_p030_t23.csv;2;1;GLOBAL: R$
2023;31;1;slu_2023_p031_t1.csv;49;10; |  |  |  | quantidades e exigências estabelecidas no Termo de Referência |  |  |  |  | 
2023;31;2;slu_2023_p031_t2.csv;2;1;quantidades e exigências estabelecidas no
2023;31;3;slu_2023_p031_t3.csv;5;1;ANDERSON FERNANDES DE
2023;31;4;slu_2023_p031_t4.csv;2;1;FCB TRANSPORTES LOGÍSTICA
2023;31;5;slu_2023_p031_t5.csv;2;1;GLOBAL: R$
2023;31;6;slu_2023_p031_t6.csv;3;1;R$ 53.730,00 (cinquenta
2023;31;7;slu_2023_p031_t7.csv;3;1;THAYANE DAS NEVES SOARES,
2023;31;8;slu_2023_p031_t8.csv;2;1;UATUMÃ TURISMO E
2023;31;9;slu_2023_p031_t9.csv;3;1;OTC.DOC ORGANIZAÇÃO
2023;31;10;slu_2023_p031_t10.csv;3;1;ROGER FRAGOSO SOUZA, MARIA DE
2023;31;11;slu_2023_p031_t11.csv;6;1;LUÍS FERNANDO MONTEIRO
2023;31;12;slu_2023_p031_t12.csv;3;1;EMPRESA AMORIM E
2023;32;1;slu_2023_p032_t1.csv;50;10; |  |  |  | integrar o presente instrumento sem necessidade de transcrição na íntegra. |  |  |  |  | 
2023;32;2;slu_2023_p032_t2.csv;2;1;integrar o presente instrumento sem
2023;32;3;slu_2023_p032_t3.csv;5;1;LUÍS FERNANDO MONTEIRO
2023;32;4;slu_2023_p032_t4.csv;2;1;LIMA DUARTE CONSTRUTORA
2023;32;5;slu_2023_p032_t5.csv;9;1;MARCUS VINÍCIUS DE RESENDE
2023;32;6;slu_2023_p032_t6.csv;5;1;2.687.850,00 (dois
2023;32;7;slu_2023_p032_t7.csv;3;1;SOTKON BRASIL - INDUSTRIA,
2023;32;8;slu_2023_p032_t8.csv;3;1;SOTKON BRASIL - INDUSTRIA,
2023;32;9;slu_2023_p032_t9.csv;5;1;MARCONE MENDONÇA DE ARAÚJO
2023;32;10;slu_2023_p032_t10.csv;3;1;EMPRESA LUC ENGENHARIA E
2023;32;11;slu_2023_p032_t11.csv;5;1;R$
2023;32;12;slu_2023_p032_t12.csv;5;1;CRISTINA MARIA VALENTE
2023;32;13;slu_2023_p032_t13.csv;3;1;SOTKON BRASIL - INDUSTRIA,
2023;32;14;slu_2023_p032_t14.csv;5;1;R$ 908.870,40
2023;32;15;slu_2023_p032_t15.csv;4;1;TECNOLTA EQUIPAMENTOS
2023;33;1;slu_2023_p033_t1.csv;7;10; |  |  |  | cilindros, fusores), orientação de utilização e |  |  |  |  | 
2023;33;2;slu_2023_p033_t2.csv;6;8;Nº | CONTRATO Nº | EMPRESA | DATA DE ASSINATURA |  | OBJETO | TÉRMINO DA VIGÊNCIA | VALOR
2023;33;3;slu_2023_p033_t3.csv;22;10;Nº | CONTRATO Nº |  | DATA DE ASSINATURA/ INÍCIO DA VIGÊNCIA | OBJETO |  |  | TÉRMINO DA VIGÊNCIA | VALOR (R$) | EXECUTORES E SUPLENTES
2023;33;4;slu_2023_p033_t4.csv;2;1;GUSTAVO PEREIRA DE MENEZES/ PEDRO
2023;33;5;slu_2023_p033_t5.csv;3;1;ANA SOFIA CAVALCANTI JUCÁ, JULIANA
2023;34;2;slu_2023_p034_t2.csv;4;1;ALLAN ADJUTO CHAVES
2023;34;3;slu_2023_p034_t3.csv;2;1;R$
2023;34;4;slu_2023_p034_t4.csv;6;9;Nº | CONTRATO Nº | EMPRESA | DATA DE ASSINATURA/ INÍCIO DA VIGÊNCIA | OBJETO |  | TÉRMINO DA VIGÊNCIA | VALOR (R$) | EXECUTORES E SUPLENTES
2023;34;5;slu_2023_p034_t5.csv;3;1;LEANDRO HENRIQUE ANTUNES DE
2023;34;6;slu_2023_p034_t6.csv;3;1;DANIEL ROCHA ALVES/ THAYANE
2023;34;7;slu_2023_p034_t7.csv;2;1;SISTEMA INTEGRADO DE SEGURANÇA
2023;34;8;slu_2023_p034_t8.csv;5;8;Nº | CONTRATO Nº | EMPRESA | DATA DE ASSINATURA/ INÍCIO DA VIGÊNCIA | OBJETO | TÉRMINO DA VIGÊNCIA | VALOR (R$) | EXECUTORES E SUPLENTES
2023;35;1;slu_2023_p035_t1.csv;4;8;5 | 30/2021 | AMBIENTAL TECNOL CONSULTORIA EIRELI | 24/01/2022 | Elaboração de Relatório de Investigação de Passivo Ambiental de acordo com a ABNT 15.515 para verificação de uma possível contaminação 
2023;35;2;slu_2023_p035_t2.csv;20;12;Nº | CONTRATO Nº | EMPRESA |  | DATA DE |  | OBJETO | TÉRMINO DA VIGÊNCIA | VALOR (R$) | EXECUTORES E SUPLENTES |  | 
2023;35;3;slu_2023_p035_t3.csv;2;1;TÉRMINO DA
2023;35;4;slu_2023_p035_t4.csv;2;1;SERVIÇO DE COLETA URBANA -
2023;35;5;slu_2023_p035_t5.csv;2;1;SUSTENTARE
2023;35;6;slu_2023_p035_t6.csv;2;1;SERVIÇO DE COLETA URBANA -
2023;36;1;slu_2023_p036_t1.csv;49;12; |  |  |  |  |  |  |  |  | RODRIGUES GUEDES/ MURILO DE OLIVEIRA CAIXÊTA/ GABRIEL MIRANDA SERRÃO |  | 
2023;36;2;slu_2023_p036_t2.csv;2;1;RODRIGUES GUEDES/ MURILO DE
2023;36;3;slu_2023_p036_t3.csv;2;1;MONITORAMENTO E
2023;36;4;slu_2023_p036_t4.csv;2;1;CONSITA TRATAMENTO DE
2023;36;5;slu_2023_p036_t5.csv;2;1;SERVIÇO DE COLETA URBANA -
2023;36;6;slu_2023_p036_t6.csv;2;1;HYDROS SOLUÇÕES
2023;36;7;slu_2023_p036_t7.csv;2;1;PRESTAÇÃO DE SERVIÇOS
2023;36;8;slu_2023_p036_t8.csv;2;1;GLOBAL R$
2023;36;9;slu_2023_p036_t9.csv;3;1;ANDRÉ LUIZ JUNQUEIRA GUIMARÃES/ FRANCISCO
2023;36;10;slu_2023_p036_t10.csv;2;1;BELFORT GERENCIAMENTO
2023;36;11;slu_2023_p036_t11.csv;2;1;GLOBAL : R$
2023;36;12;slu_2023_p036_t12.csv;2;1;JOSÉ NILTON ARRAIS DA SILVA e JOSÉ ROMILDO DOS
2023;37;1;slu_2023_p037_t1.csv;3;9; |  |  |  | e/ou Aterro Sanitário de Brasília - ASB |  |  |  | 
2023;37;2;slu_2023_p037_t2.csv;2;1;CONÁGUA AMBIENTAL
2023;37;3;slu_2023_p037_t3.csv;2;1;THIAGO BRAGA PINHEIRO e BRUNO DOS SANTOS
2023;37;4;slu_2023_p037_t4.csv;4;1;NORESA NOVO RIO
2023;37;5;slu_2023_p037_t5.csv;2;1;GLOBAL R$
2023;37;6;slu_2023_p037_t6.csv;2;1;THIAGO BRAGA PINHEIRO e BRUNO DOS SANTOS
2023;37;7;slu_2023_p037_t7.csv;5;9;Nº | CONTRATO Nº | EMPRESA |  | DATA DE ASSINATURA/ INÍCIO DA VIGÊNCIA | OBJETO | TÉRMINO DA VIGÊNCIA | VALOR (R$) | EXECUTORES E SUPLENTES
2023;37;8;slu_2023_p037_t8.csv;2;1;TÉRMINO DA
2023;38;1;slu_2023_p038_t1.csv;10;8;6 | 12/2018 | COOPERATIVA DE TRABALHO DE RECICLAGEM AMBIENTAL - CONSTRUIR | 16/01/2018 | PROCESSAMENTO DE RESÍDUOS SÓLIDOS | 16/01/2024 | R$ 729.936,00 | André Luiz Junqueira Guimarães, Anderson Ferna
2023;39;1;slu_2023_p039_t1.csv;6;8;17 | 39/2018 | ASSOCIAÇÃO PRE-COOPERATIVISTA DOS CATADORES E RECICLADORES DE RESÍDUOS SÓLIDOS DE CEILÂNDIA - APCORC | 09/11/2018 | PROCESSAMENTO DE RESÍDUOS SÓLIDOS | 08/11/2023 | R$ 1.250.424,00 | An
2023;40;1;slu_2023_p040_t1.csv;4;8;25 | 27/2022 | COOPERATIVA DE TRABALHO DE CATADORES DE MATERIAIS RECICLÁVEIS E DE EDUCAÇÃO AMBIENTAL - NOVA SUPERAÇÃO | 29/04/2022 | Prestação de serviços de coleta, transporte e destinação de resíduo
2023;41;1;slu_2023_p041_t1.csv;5;8; |  |  |  | urbanos recicláveis secos domiciliares e comerciais, com a remoção do rejeito para disposição final em local definido pelo SLU para atender às necessidades do Serviço de Limpeza Urbana – S
2023;42;1;slu_2023_p042_t1.csv;4;8;33 | 19/2022 | COOPERATIVA DE TRABALHO DE COLETA SELETIVA DE MATERIAIS RECICLAVEIS E RESIDUOS SOLIDOS RECICLO | 29/04/2022 | Prestação de serviços de coleta, transporte e destinação de resíduos urbano
2023;43;1;slu_2023_p043_t1.csv;4;8;37 | 15/2022 | COOPERATIVA E TRABALHO DE CATADORES DE MATERIAIS RECICLÁVEIS E REUTILIZÁVEIS AMBIENTAL - COOPERE | 29/04/2022 | Prestação de serviços de coleta, transporte e destinação de resíduos urba
2023;44;1;slu_2023_p044_t1.csv;2;8;42 | 10/2022 | COOPERATIVA DE TRABALHO DE CATADORES ECOLIMPO | 29/04/2022 | Prestação de serviços de coleta, transporte e destinação de resíduos urbanos recicláveis secos domiciliares e comerciais, co
2023;44;2;slu_2023_p044_t2.csv;9;42; | DESPESAS COM ÁGUA, LUZ, TELEFONE, IPTU E TLP |  |  |  |  |  |  |  |  |  |  |  |  |  |  |  |  |  |  |  |  |  |  |  |  |  |  |  |  |  |  |  |  |  |  |  |  |  |  |  | 
2023;45;1;slu_2023_p045_t1.csv;6;41; | DESPESAS COM ALUGUEL E CONDOMÍNIO |  |  |  |  |  |  |  |  |  |  |  |  |  |  |  |  |  |  |  |  |  |  |  |  |  |  |  |  |  |  |  |  |  |  |  |  |  |  | 
2023;45;2;slu_2023_p045_t2.csv;28;24;Nº |  |  | SEDE | NÚCLEO |  |  | RA |  |  | ENDEREÇO |  |  | PROPRIEDADE |  |  | SITUAÇÃO |  |  | ÁREA TOTAL |  |  | ÁREA | 
2023;46;1;slu_2023_p046_t1.csv;45;25; | 18 |  | Terreno |  | NUALM/NUPAT |  |  | Brasília |  |  | Setor de Áreas Isoladas norte (SIA/NORTE) |  |  | Próprio |  |  | Regularizado |  |  | 50.000,00 |  |  | 4.150,00 | 
2023;46;2;slu_2023_p046_t2.csv;2;1;Aterro Sanitário de
2023;46;3;slu_2023_p046_t3.csv;2;1;Processo Regularização 0110-
2023;47;1;slu_2023_p047_t1.csv;19;25;44 |  |  |  | NUPLA |  |  | Planaltina |  |  |  |  |  |  | Secretaria do Patrimônio |  | Cedido |  |  |  |  |  | 0,00 |  | 
2023;47;2;slu_2023_p047_t2.csv;3;1;Instalações de
2023;51;1;slu_2023_p051_t1.csv;5;20; |  |  | JAN | FEV | MAR | ABR | MAI | JUN | JUL | AGO | SET | OUT | NOV | DEZ | Total |  |  | Média | 
2023;51;2;slu_2023_p051_t2.csv;5;20; |  |  | JAN | FEV | MAR | ABR | MAI | JUN | JUL | AGO | SET | OUT | NOV | DEZ | Total |  |  | Média | 
2023;51;3;slu_2023_p051_t3.csv;5;20; |  |  | JAN | FEV | MAR | ABR | MAI | JUN | JUL | AGO | SET | OUT | NOV | DEZ | Total |  |  | Média | 
2023;51;4;slu_2023_p051_t4.csv;5;20; |  |  | JAN | FEV | MAR | ABR | MAI | JUN | JUL | AGO | SET | OUT | NOV | DEZ | Total |  |  | Média | 
2023;52;1;slu_2023_p052_t1.csv;5;45; |  |  |  | JAN |  |  | FEV |  |  | MAR |  |  | ABR |  |  | MAI |  |  | JUN |  |  | JUL |  |  | AGO |  |  | SET |  |  | OUT |  |  | NOV |  |  | DEZ |  |  | Total |  |  | Média | 
2023;52;2;slu_2023_p052_t2.csv;5;45; |  |  |  | JAN |  |  | FEV |  |  | MAR |  |  | ABR |  |  | MAI |  |  | JUN |  |  | JUL |  |  | AGO |  |  | SET |  |  | OUT |  |  | NOV |  |  | DEZ |  |  | Total |  |  | Média | 
2023;52;3;slu_2023_p052_t3.csv;5;45; |  |  |  | JAN |  |  | FEV |  |  | MAR |  |  | ABR |  |  | MAI |  |  | JUN |  |  | JUL |  |  | AGO |  |  | SET |  |  | OUT |  |  | NOV |  |  | DEZ |  |  | Total |  |  | Média | 
2023;52;4;slu_2023_p052_t4.csv;5;45; |  |  |  | JAN |  |  | FEV |  |  | MAR |  |  | ABR |  |  | MAI |  |  | JUN |  |  | JUL |  |  | AGO |  |  | SET |  |  | OUT |  |  | NOV |  |  | DEZ |  |  | Total |  |  | Média | 
2023;52;5;slu_2023_p052_t5.csv;5;45; |  |  |  | JAN |  |  | FEV |  |  | MAR |  |  | ABR |  |  | MAI |  |  | JUN |  |  | JUL |  |  | AGO |  |  | SET |  |  | OUT |  |  | NOV |  |  | DEZ |  |  | Total |  |  | Média | 
2023;53;1;slu_2023_p053_t1.csv;7;25; |  | JAN | FEV |  | MAR | ABR | MAI | JUN | JUL |  | AGO |  | SET |  | OUT |  | NOV |  | DEZ |  | Total |  | Média | 
2023;53;2;slu_2023_p053_t2.csv;4;29; |  |  | JAN |  | FEV |  |  | MAR |  | ABR | MAI | JUN | JUL |  | AGO |  | SET |  | OUT |  | NOV |  | DEZ |  | Total |  | Média | 
2023;53;3;slu_2023_p053_t3.csv;5;25; |  | JAN | FEV |  | MAR | ABR | MAI | JUN | JUL |  | AGO |  | SET |  | OUT |  | NOV |  | DEZ |  | Total |  | Média | 
2023;53;4;slu_2023_p053_t4.csv;2;25; |  | JAN | FEV |  | MAR | ABR | MAI | JUN | JUL |  | AGO |  | SET |  | OUT |  | NOV |  | DEZ |  | Total |  | Média | 
2023;54;1;slu_2023_p054_t1.csv;4;18; |  | JAN | FEV | MAR | ABR | MAI | JUN | JUL | AGO | SET | OUT | NOV | DEZ | Total |  | Média | 
2023;54;2;slu_2023_p054_t2.csv;4;27; |  |  | JAN |  | FEV |  | MAR |  | ABR |  | MAI |  | JUN |  | JUL |  | AGO |  | SET | OUT | NOV | DEZ | Total |  | Média | 
2023;54;3;slu_2023_p054_t3.csv;2;24; |  | JAN |  | FEV |  | MAR |  | ABR |  | MAI |  | JUN |  | JUL | AGO | SET | OUT | NOV | DEZ | Total |  | Média | 
2023;54;4;slu_2023_p054_t4.csv;5;33; |  |  | JAN |  |  | FEV |  |  | MAR |  |  | ABR |  |  | MAI |  |  | JUN |  |  | JUL |  | AGO |  | SET | OUT | NOV | DEZ | Total |  | Média | 
2023;54;5;slu_2023_p054_t5.csv;5;33; |  |  | JAN |  |  | FEV |  |  | MAR |  |  | ABR |  |  | MAI |  |  | JUN |  |  | JUL |  | AGO |  | SET | OUT | NOV | DEZ | Total |  | Média | 
2023;55;1;slu_2023_p055_t1.csv;5;34; |  |  |  | JAN |  | FEV |  | MAR |  | ABR |  |  | MAI |  |  | JUN |  |  | JUL |  |  | AGO |  |  | SET | OUT | NOV | DEZ | Total |  |  | Média | 
2023;55;2;slu_2023_p055_t2.csv;2;34; |  |  |  | JAN |  | FEV |  | MAR |  | ABR |  |  | MAI |  |  | JUN |  |  | JUL |  |  | AGO |  |  | SET | OUT | NOV | DEZ | Total |  |  | Média | 
2023;55;3;slu_2023_p055_t3.csv;2;34; |  |  |  | JAN |  | FEV |  | MAR |  | ABR |  |  | MAI |  |  | JUN |  |  | JUL |  |  | AGO |  |  | SET | OUT | NOV | DEZ | Total |  |  | Média | 
2023;56;1;slu_2023_p056_t1.csv;24;27; | ATIVIDADE |  |  | UNIDADE |  |  | 2017 |  |  | 2018 |  |  | 2019 |  |  | 2020 |  |  | 2021 |  |  | 2022 |  |  | 2023 | 
2023;57;1;slu_2023_p057_t1.csv;18;98;EQUIPAMENTOS LIMPEZA URBANA |  |  |  | R O T E L O C O Ã H N IM A C | R O D A T C A P M O C |  |  |  | Ú A B R O T E L O C O Ã H N IM A C |  |  |  | A L O IA G O Ã H N IM A C |  |  | Ú A B O Ã H N IM 
2023;57;2;slu_2023_p057_t2.csv;2;1;EQUIPAMENTOS
2023;58;1;slu_2023_p058_t1.csv;4;74; | S O R R E T A S O D S O T N E M A P IU Q E |  |  | E D O L U C ÍE V | O Ã Ç A Z IL A C S IF / O IO P A |  |  | A C IL U Á R D IH A R IE D A V A C S E |  |  | IC E T S A B A E D O Ã H N IM A C | )A 
2023;58;2;slu_2023_p058_t2.csv;3;1;Unidade de
2023;58;3;slu_2023_p058_t3.csv;3;1;Operação e
2023;58;4;slu_2023_p058_t4.csv;5;19; | EQUIPAMENTOS DOS |  | ESCAVADEIRA HIDRÁULICA |  |  | CARRETA TRANSPORTADORA DE |  | PÁ CARREGADEIRA |  |  | CAMINHÃO |  |  | CARRETA DE |  | Total |  | 
2023;60;1;slu_2023_p060_t1.csv;9;1;O papa-entulho é o espaço adequado para a população descartar restos de obra, móveis
2023;60;2;slu_2023_p060_t2.csv;15;45; | Unidade |  |  | JAN |  |  | FEV |  |  | MAR |  |  | ABR |  |  | MAI |  |  | JUN |  |  | JUL |  |  | AGO |  |  | SET |  |  | OUT |  |  | NOV |  |  | DEZ |  |  | Total |  |  | Média | 
2023;61;1;slu_2023_p061_t1.csv;10;41; | Samambaia |  | 0,00 |  |  | 0,00 |  |  | 0,00 |  |  | 0,00 |  |  | 0,00 |  |  | 0,00 |  |  | 0,00 |  |  | 51,79 |  |  | 62,49 |  |  | 76,39 |  |  | 77,95 |  | 74,37 | 342,99 |  |  | 28,58 | 
2023;61;2;slu_2023_p061_t2.csv;22;41; | Unidade |  |  | JAN |  |  | FEV |  |  | MAR |  |  | ABR |  |  | MAI |  |  | JUN |  |  | JUL |  |  | AGO |  |  | SET |  |  | OUT |  |  | NOV | DEZ | Total |  |  | Média | 
2023;62;1;slu_2023_p062_t1.csv;3;42; | Sobradinho II |  | 0,00 |  |  | 0,00 |  |  | 0,00 |  |  | 2,17 |  |  | 1,20 |  |  | 5,69 |  |  | 13,67 |  |  | 7,57 |  |  | 0,00 | 8,04 |  | 8,64 |  |  | 9,07 |  |  |  | 56,05 |  |  | 4,67 | 
2023;62;2;slu_2023_p062_t2.csv;25;42; | Unidade |  |  | JAN |  |  | FEV |  |  | MAR |  |  | ABR |  |  | MAI |  |  | JUN |  |  | JUL |  |  | AGO |  | SET | OUT |  |  | NOV |  |  | DEZ |  |  | Total |  |  | Média | 
2023;63;1;slu_2023_p063_t1.csv;25;45; | Unidade |  |  | JAN |  |  | FEV |  |  | MAR |  |  | ABR |  |  | MAI |  |  | JUN |  |  | JUL |  |  | AGO |  |  | SET |  |  | OUT |  |  | NOV |  |  | DEZ |  |  | Total |  |  | Média | 
2023;64;1;slu_2023_p064_t1.csv;29;9; | REGIÃO |  |  | ENDEREÇO |  |  | LOCALIZAÇÃO | 
2023;67;1;slu_2023_p067_t1.csv;4;21; | QUANTITATIVOS DE RESÍDUOS ATERRADOS NO ATERRO SANITÁRIO DE BRASÍLIA (EM TONELADAS) |  |  |  |  |  |  |  |  |  |  |  |  |  |  |  |  |  |  | 
2023;67;2;slu_2023_p067_t2.csv;15;24; | QUANTITATIVOS MENSAIS RECEPCIONADOS NO ASB |  |  |  |  |  |  |  |  |  |  |  |  |  |  |  |  |  |  |  |  |  | 
2023;68;1;slu_2023_p068_t1.csv;7;12; | ETAPAS DA CONSTRUÇÃO DO ASB |  |  |  |  |  |  |  |  |  | 
2023;68;2;slu_2023_p068_t2.csv;7;6; | MÊS |  |  | VOLUME (M³) | 
2023;69;1;slu_2023_p069_t1.csv;8;4; | Julho | 0 | 
2023;69;2;slu_2023_p069_t2.csv;15;16; | NÚMERO DE VIAGENS |  |  |  |  |  |  |  |  |  |  |  |  |  | 
2023;69;3;slu_2023_p069_t3.csv;7;16; | PESO LÍQUIDO POR MÊS (EM TONELADAS) |  |  |  |  |  |  |  |  |  |  |  |  |  | 
2023;70;1;slu_2023_p070_t1.csv;8;18; | Junho |  | 1.638,61 |  |  | 57.756,87 |  |  | 2.409,98 |  |  | 69.777,74 |  |  |  | 131.583,20 | 
2023;70;2;slu_2023_p070_t2.csv;15;24; | PESO LÍQUIDO POR MÊS (EM TONELADAS) |  |  |  |  |  |  |  |  |  |  |  |  |  |  |  |  |  |  |  |  |  | 
2023;71;1;slu_2023_p071_t1.csv;15;24; | PESO LÍQUIDO POR MÊS (TONELADAS) |  |  |  |  |  |  |  |  |  |  |  |  |  |  |  |  |  |  |  |  |  | 
2023;71;2;slu_2023_p071_t2.csv;14;6; | MÊS |  |  | TOTAL DOAÇÃO (T) | 
2023;73;1;slu_2023_p073_t1.csv;39;17; | LOTE I (R$) |  |  |  |  |  |  |  |  |  |  |  |  |  |  | 
2023;74;1;slu_2023_p074_t1.csv;38;42; | LOTE II (R$) |  |  |  |  |  |  |  |  |  |  |  |  |  |  |  |  |  |  |  |  |  |  |  |  |  |  |  |  |  |  |  |  |  |  |  |  |  |  |  | 
2023;75;1;slu_2023_p075_t1.csv;38;42; | LOTE III (R$) |  |  |  |  |  |  |  |  |  |  |  |  |  |  |  |  |  |  |  |  |  |  |  |  |  |  |  |  |  |  |  |  |  |  |  |  |  |  |  | 
2023;76;1;slu_2023_p076_t1.csv;41;42; | TOTAL PAGO NOS LOTES I, II E III (R$) |  |  |  |  |  |  |  |  |  |  |  |  |  |  |  |  |  |  |  |  |  |  |  |  |  |  |  |  |  |  |  |  |  |  |  |  |  |  |  | 
2023;77;1;slu_2023_p077_t1.csv;17;23; | URE - ATERRAMENTO |  |  |  |  |  |  |  |  |  |  |  |  |  |  |  |  |  |  |  |  | 
2023;77;2;slu_2023_p077_t2.csv;15;8; | ATERRO SANITÁRIO DE BRASÍLIA - ATERRAMENTO |  |  |  |  |  | 
2023;78;1;slu_2023_p078_t1.csv;16;15; | CUSTO DA OPERAÇÃO DOS PAPA ENTULHO (PEV) |  |  |  |  |  |  |  |  |  |  |  |  | 
2023;78;2;slu_2023_p078_t2.csv;19;29; | UTMB PSUL - UNIDADE DE TRATAMENTO MECÂNICO BIOLÓGICO DA CEILÂNDIA (PSUL) |  |  |  |  |  |  |  |  |  |  |  |  |  |  |  |  |  |  |  |  |  |  |  |  |  |  | 
2023;78;3;slu_2023_p078_t3.csv;3;1;Transporte De
2023;78;4;slu_2023_p078_t4.csv;2;1;Custo por
2023;78;5;slu_2023_p078_t5.csv;2;1;Operação De
2023;78;6;slu_2023_p078_t6.csv;2;1;Custo por
2023;78;7;slu_2023_p078_t7.csv;2;1;Transporte De
2023;79;1;slu_2023_p079_t1.csv;16;9; | UTMB ASA SUL - UNIDADE DE TRATAMENTO MECÂNICO BIOLÓGICO - ASA SUL |  |  |  |  |  |  | 
2023;93;1;slu_2023_p093_t1.csv;25;6;CONTRATOS E RESULTADOS DA TRIAGEM POR COOPERATIVA |  |  |  |  | 
2023;96;1;slu_2023_p096_t1.csv;25;15; | CONTRATOS E RESULTADOS DA COLETA SELETIVA INCLUSIVA POR COOPERATIVA/ASSOCIAÇÃO |  |  |  |  |  |  |  |  |  |  |  |  | 
2023;97;1;slu_2023_p097_t1.csv;25;18; | APROVEITAMENTO DA COLETA SELETIVA POR COOPERATIVA NAS RAS EM 2023 |  |  |  |  |  |  |  |  |  |  |  |  |  |  |  | 
2023;98;1;slu_2023_p098_t1.csv;15;21; | RESÍDUOS RECUPERADOS EM TONELADAS POR MÊS EM 2023 (TONELADAS) |  |  |  |  |  |  |  |  |  |  |  |  |  |  |  |  |  |  | 
2023;99;1;slu_2023_p099_t1.csv;22;21; | COOPERATIVA |  |  | Diversos |  |  | Metal |  |  | Papel |  |  | Plástico |  |  | Vidro |  |  | Total Geral | 
2023;100;1;slu_2023_p100_t1.csv;8;15;DISTRIBUIÇÃO DA RECEITA GERADA PELOS MATERIAIS RECICLÁVEIS COMERCIALIZADOS EM 2023 |  |  |  |  |  |  |  |  |  |  |  |  |  | 
2023;101;1;slu_2023_p101_t1.csv;8;15;Material |  |  |  | Média de Valor Unitário do |  |  | Média de Valor Unitário pago |  |  | Média de Valor Unitário total |  |  | Valorização do Valor Unitário | 
2023;101;2;slu_2023_p101_t2.csv;7;9; | COMPRADORES |  |  | PESO (Ton) |  |  | PORCENTAGEM | 
2023;102;1;slu_2023_p102_t1.csv;10;15; | COOPERATIVAS/ASSOCIAÇÕES COM CONTRATOS APENAS DE COLETA SELETIVA |  |  |  |  |  |  |  |  |  |  |  |  | 
2023;102;2;slu_2023_p102_t2.csv;2;1;TOTAL DE
2023;102;3;slu_2023_p102_t3.csv;2;1;RA DE PRESTAÇÃO
2023;102;4;slu_2023_p102_t4.csv;2;1;PRESIDENTE/
2023;103;1;slu_2023_p103_t1.csv;7;10;7 | Planalto | CIR – AE – Pátio Ferroviário | 10.553.313/0001- 20 | 4 | 5 | 9 | Setor de Mansões Sobradinho II e Fercal | Ricardo | planaltocoop2022@gmail.com
2023;103;2;slu_2023_p103_t2.csv;5;10;COOPERATIVAS/ASSOCIAÇÕES COM CONTRATOS APENAS DE TRIAGEM |  |  |  |  |  |  |  |  | 
2023;103;3;slu_2023_p103_t3.csv;2;1;TOTAL DE
2023;104;1;slu_2023_p104_t1.csv;10;10;2 |  | Apcorc | QNP 28 AE – UTMB – USINA Ceilândia/DF | 02.130.641/0001-96 |  | 116 | Ceilândia | Paulo Cesar | associacaoapcorc@gmail.com
2023;105;1;slu_2023_p105_t1.csv;14;17; | COOPERATIVAS/ASSOCIAÇÕES COM CONTRATOS DE COLETA SELETIVA E TRIAGEM |  |  |  |  |  |  |  |  |  |  |  |  |  |  | 
2023;106;1;slu_2023_p106_t1.csv;34;12; | DADOS RELATIVOS AOS CONTRATOS COM COOPERATIVAS/ASSOCIAÇÕES |  |  |  |  |  |  |  |  |  | 
2023;109;1;slu_2023_p109_t1.csv;23;12; | QUADRO RESUMO DA GESTÃO DAS IRRS EM FUNCIONAMENTO |  |  |  |  |  |  |  |  |  | 
2023;110;1;slu_2023_p110_t1.csv;15;20; |  |  |  | IRR SAAN |  |  |  |  | CTR 1 e 2 |  |  |  |  | SIA - Trecho 17 |  |  |  | IRR SCIA ALUGADO | 
2023;111;1;slu_2023_p111_t1.csv;16;16; |  |  |  | IRR P SUL |  |  |  |  |  |  | IRR SCIA Q. 09 |  |  |  | 
2023;112;1;slu_2023_p112_t1.csv;16;15; |  |  |  | IRR BRAZLÂNDIA |  |  |  |  |  |  | IRR PARANOÁ |  |  | 
2023;112;2;slu_2023_p112_t2.csv;11;9; | ENTRADA DE RESÍDUOS E SAÍDA DE REJEITO NOS GALPÕES PRÓPRIOS EM 2023 |  |  |  |  |  |  | 
2023;112;3;slu_2023_p112_t3.csv;4;1;GALPÃO PRÓPRIO
2023;113;1;slu_2023_p113_t1.csv;35;10; |  | Setembro |  | 69,08 |  |  | 2,68 |  | 
2023;113;2;slu_2023_p113_t2.csv;3;1;GALPÃO PRÓPRIO
2023;113;3;slu_2023_p113_t3.csv;4;1;GALPÃO PRÓPRIO
2023;114;1;slu_2023_p114_t1.csv;36;10;GALPÃO PRÓPRIO SOBRADINHO - Cooperativa Cooperdife | Mês |  |  |  | Quantidade Mensal |  |  | Quantidade Mensal de | 
2023;114;2;slu_2023_p114_t2.csv;4;1;GALPÃO PRÓPRIO
2023;114;3;slu_2023_p114_t3.csv;3;1;GALPÃO PRÓPRIO
2023;114;4;slu_2023_p114_t4.csv;5;1;GALPÃO PRÓPRIO
2023;115;1;slu_2023_p115_t1.csv;10;11; |  |  | Maio |  |  | 27,44 |  |  | 3,17 | 
2023;115;2;slu_2023_p115_t2.csv;16;9; | QUANTIDADE MENSAL RECEBIDA (TON) |  |  |  |  |  |  | 
2023;116;1;slu_2023_p116_t1.csv;18;40;ENTRADA DE RESÍDUOS NAS UNIDADES GERENCIADAS PELO SLU E GALPÕES PRÓPRIOS DE COOPERATIVAS (EM TONELADAS) |  |  |  |  |  |  |  |  |  |  |  |  |  |  |  |  |  |  |  |  |  |  |  |  |  |  |  |  |  |  |  |  
2023;117;1;slu_2023_p117_t1.csv;18;14;COOPERE | 39,40 | 34,14 | 37,65 | 37,31 | 39,05 | 37,33 | 36,33 | 41,76 | 39,46 | 42,17 | 39,83 | 41,40 | 465,83
2023;118;1;slu_2023_p118_t1.csv;14;14;SUSTENTARE SANEAMENTO | 31,33 | 22,75 | 24,51 | 25,22 | 20,82 | 2,89 | 19,30 | 11,39 | 0,00 | 0,00 | 0,00 | 0,00 | 158,20
2023;118;2;slu_2023_p118_t2.csv;5;14;USINA DL SUL | 225,84 | 143,58 | 143,72 | 154,44 | 254,37 | 246,95 | 315,45 | 348,52 | 762,07 | 758,66 | 717,21 | 1.428,99 | 5.499,80
2023;120;1;slu_2023_p120_t1.csv;19;12; | REPRESENTATIVADE DAS RA NA DISTRIBUIÇÃO DE RESÍDUOS PARA IRR/CTR EM 2023 |  |  |  |  |  |  |  |  |  | 
2023;121;1;slu_2023_p121_t1.csv;20;12; | NÚMERO DE VIAGENS POR IRR/CTR EM 2023 |  |  |  |  |  |  |  |  |  | 
2023;122;1;slu_2023_p122_t1.csv;15;9; | CTR (CTR 1 E 2), IRR SAAN, IRR SCIA ALUGADO E SIA - TRECHO 17 |  |  |  |  |  |  | 
2023;123;1;slu_2023_p123_t1.csv;15;15; |  |  |  | IRR P-SUL |  |  |  |  |  | IRR SCIA NOVO |  |  |  | 
2023;124;1;slu_2023_p124_t1.csv;3;15; | MÉDIA DE APROVEITAMENTO IRR/CTR |  |  |  |  |  |  |  |  |  |  |  |  | 
2023;124;2;slu_2023_p124_t2.csv;6;16;TOTAL DE RESÍDUOS DE COLETAS SELETIVAS DE EMPRESAS E COOPERATIVAS CONTRATADAS PELO SLU (TONELADAS) |  |  |  |  |  |  |  |  |  |  |  |  |  |  | 
2023;125;1;slu_2023_p125_t1.csv;17;15; | PESO E VALOR DE COMERCIALIZAÇÃO DAS COOPERATIVAS COM CONTRATO DE TRIAGEM |  |  |  |  |  |  |  |  |  |  |  |  | 
2023;125;2;slu_2023_p125_t2.csv;2;1;Soma de Total
2023;125;3;slu_2023_p125_t3.csv;2;1;Soma de Receita Total
2023;128;1;slu_2023_p128_t1.csv;15;9; | CONTROLE DE TRANSPORTE DE RESÍDUOS (CTR) |  |  |  |  |  |  | 
2023;136;1;slu_2023_p136_t1.csv;23;12; | PRIORIDADE |  |  | ID |  |  | NECESSIDADE |  |  | ÁREA | 
2023;142;1;slu_2023_p142_t1.csv;15;15; | ANÁLISE DE NOTÍCIAS |  |  |  |  |  |  |  |  |  |  |  |  | 
2023;143;1;slu_2023_p143_t1.csv;3;42; | ATENDIMENTO À IMPRENSA |  |  |  |  |  |  |  |  |  |  |  |  |  |  |  |  |  |  |  |  |  |  |  |  |  |  |  |  |  |  |  |  |  |  |  |  |  |  |  | 
2023;143;2;slu_2023_p143_t2.csv;8;6; | RESUMO DAS ATIVIDADES EM 2023 |  |  |  | 
2024;15;1;slu_2024_p015_t1.csv;17;19; | FORÇA DE TRABALHO (2024) |  |  |  |  |  |  |  |  |  |  |  |  |  |  |  |  | 
2024;16;1;slu_2024_p016_t1.csv;7;12; | DIRETORIAS |  |  | COM CARGO |  |  | SEM CARGO |  |  | TOTAL | 
2024;16;2;slu_2024_p016_t2.csv;7;12; | DIRETORIAS |  |  | PREENCHIDOS |  |  | VAGOS |  |  | TOTAL | 
2024;17;1;slu_2024_p017_t1.csv;14;6; | MÊS |  |  | QUANTIDADE | 
2024;17;2;slu_2024_p017_t2.csv;15;10;1º TRIMESTRE |  |  |  |  |  |  |  |  | 
2024;18;1;slu_2024_p018_t1.csv;33;11;2º TRIMESTRE |  |  |  |  |  |  |  |  |  | 
2024;18;3;slu_2024_p018_t3.csv;11;8;3º TRIMESTRE |  |  |  |  |  |  | 
2024;19;1;slu_2024_p019_t1.csv;18;9; |  | SIGGo essencial – do zero ao avançado: teoria e prática |  |  |  | 1 |  | 
2024;19;2;slu_2024_p019_t2.csv;26;10;4º TRIMESTRE |  |  |  |  |  |  |  |  | 
2024;20;1;slu_2024_p020_t1.csv;4;10; |  |  | Fórum Internacional Wast Expo Brasil - Gestão Integrada de Resíduos, Reciclagem, recuperação Energética e Limpeza Pública |  | WASTE EXPO BRASIL |  | 2 |  | 
2024;20;3;slu_2024_p020_t3.csv;22;59; | PESSOAL ENVOLVIDO NA LIMPEZA URBANA |  |  |  |  |  |  |  |  |  |  |  |  |  |  |  |  |  |  |  |  |  |  |  |  |  |  |  |  |  |  |  |  |  |  |  |  |  |  |  |  |  |  |  |  |  |  |  |  |  |  |  |  |  | 
2024;20;4;slu_2024_p020_t4.csv;5;1;Médico do
2024;20;5;slu_2024_p020_t5.csv;3;1;PESSOAL
2024;20;6;slu_2024_p020_t6.csv;4;1;Engenheiro /
2024;20;7;slu_2024_p020_t7.csv;2;1;Administrativo/
2024;21;1;slu_2024_p021_t1.csv;9;83;PESSOAL ASB, URE, COOPERATIVA/ASSOCIAÇÃO E USINAS |  |  |  | o s iP e d la c s iF |  |  | e d ro d a re p O | a n iu q á M |  |  | a ts iro to M |  |  | s o d a g e rra c n E |  |  | e tn e v re S |  
2024;21;2;slu_2024_p021_t2.csv;3;1;PESSOAL ASB, URE,
2024;21;3;slu_2024_p021_t3.csv;2;1;Operação e Manutenção URE -
2024;23;1;slu_2024_p023_t1.csv;18;18; | DIVISÃO DO ORÇAMENTO (R$) |  |  |  |  |  |  |  |  |  |  |  |  |  |  |  | 
2024;24;1;slu_2024_p024_t1.csv;16;24; | VALORES DAS FONTES |  |  |  |  |  |  |  |  |  |  |  |  |  |  |  |  |  |  |  |  |  | 
2024;24;2;slu_2024_p024_t2.csv;16;21; | QUADRO LOA x DESPESA (EM R$) |  |  |  |  |  |  |  |  |  |  |  |  |  |  |  |  |  |  | 
2024;25;2;slu_2024_p025_t2.csv;14;5; | EVOLUÇÃO TLP (R$) |  |  | 
2024;26;1;slu_2024_p026_t1.csv;7;6; | 2018 |  | 163.637.281,00 |  | 
2024;26;2;slu_2024_p026_t2.csv;15;15; | TAXA DE LIMPEZA PÚBLICA (EM R$) |  |  |  |  |  |  |  |  |  |  |  |  | 
2024;26;3;slu_2024_p026_t3.csv;6;6; | TIPO DE DESPESA |  |  | TOTAL | 
2024;27;1;slu_2024_p027_t1.csv;7;5; | TIPO DE DESPESA |  |  | TOTAL
2024;27;2;slu_2024_p027_t2.csv;33;13;CONTRATO Nº | EMPRESA |  | DATA DE |  | OBJETO |  |  | DATA DO TÉRMINO DA VIGÊNCIA | VALOR (R$) | EXECUTORES E SUPLENTES |  | 
2024;27;3;slu_2024_p027_t3.csv;2;1;DATA DO TÉRMINO
2024;27;4;slu_2024_p027_t4.csv;2;1;NEOENERGIA DISTRIBUICAO
2024;27;5;slu_2024_p027_t5.csv;2;1;NEOENERGIA DISTRIBUICAO
2024;27;6;slu_2024_p027_t6.csv;2;1;NEOENERGIA DISTRIBUICAO
2024;27;7;slu_2024_p027_t7.csv;2;1;FORNECIMENTO DE ENERGIA ELÉTRICA AO
2024;27;8;slu_2024_p027_t8.csv;2;1;NEOENERGIA DISTRIBUICAO
2024;27;9;slu_2024_p027_t9.csv;2;1;DEMANDA E FORNECIMENTO DE ENERGIA
2024;27;10;slu_2024_p027_t10.csv;2;1;PILARES SERVIÇOS
2024;27;11;slu_2024_p027_t11.csv;2;1;VALOR GLOBAL: R$
2024;27;12;slu_2024_p027_t12.csv;3;1;ANDRE LUIZ JUNQUEIRA
2024;27;13;slu_2024_p027_t13.csv;2;1;NAVARRO PROCESSAMENTO
2024;27;14;slu_2024_p027_t14.csv;2;1;NEOENERGIA DISTRIBUICAO
2024;28;1;slu_2024_p028_t1.csv;51;11;55/2024 | CAESB | 31/12/2024 |  | O PRESENTE CONTRATO TEM POR OBJETO A |  | 31/12/2025 | R$ 514.800,00 | FABIENE FREIRE AMORIM, LUIS FERNANDO MONTEIRO BARBOSA, SERGIO FERNANDES DE FARIA, MARCONE MENDO
2024;28;2;slu_2024_p028_t2.csv;4;1;FABIENE FREIRE AMORIM, LUIS
2024;28;3;slu_2024_p028_t3.csv;2;1;NEOENERGIA DISTRIBUICAO
2024;28;4;slu_2024_p028_t4.csv;2;1;RICARDO ALVES RAMOS DE
2024;28;5;slu_2024_p028_t5.csv;2;1;GEOVANI LOPES FERNANDES,
2024;28;6;slu_2024_p028_t6.csv;3;1;R$ 43.560,00 (QUARENTA E
2024;28;7;slu_2024_p028_t7.csv;2;1;MN TECNOLOGIA E
2024;28;8;slu_2024_p028_t8.csv;3;1;PRIME CONSULTORIA E
2024;28;9;slu_2024_p028_t9.csv;2;1;ANDERSON MUNIZ DE SOUSA,
2024;28;10;slu_2024_p028_t10.csv;2;1;PRO SYSTEMS INFORMÁTICA
2024;29;1;slu_2024_p029_t1.csv;49;15; |  |  |  |  | ESPECIFICAÇÕES E EXIGÊNCIAS DO EDITAL DE LICITAÇÃO 90005/2024 |  |  |  |  |  |  |  |  | 
2024;29;2;slu_2024_p029_t2.csv;2;1;ESPECIFICAÇÕES E EXIGÊNCIAS DO EDITAL DE
2024;29;3;slu_2024_p029_t3.csv;2;1;NP TECNOLOGIA E GESTÃO DE
2024;29;4;slu_2024_p029_t4.csv;2;1;MARCONE MENDONÇA DE ARAÚJO,
2024;29;5;slu_2024_p029_t5.csv;2;1;ANDERSON MUNIZ DE SOUSA,
2024;29;6;slu_2024_p029_t6.csv;2;1;ANDERSON MUNIZ DE SOUSA,
2024;29;7;slu_2024_p029_t7.csv;2;1;CARLA CAROLYNE LIMA
2024;29;8;slu_2024_p029_t8.csv;2;1;RENATA DA SILVA CAFÉ, MARIA DO
2024;29;9;slu_2024_p029_t9.csv;2;1;T&T PRODUÇÕES E EVENTOS
2024;29;10;slu_2024_p029_t10.csv;2;1;RENATA DA SILVA CAFÉ, MARIA DO
2024;29;11;slu_2024_p029_t11.csv;2;1;LÍDER NOTEBOOKS COMÉRCIO
2024;29;12;slu_2024_p029_t12.csv;2;1;LUIZ RIBEIRO VALE JUNIOR, FABIANO
2024;29;13;slu_2024_p029_t13.csv;2;1;FORNECIMENTO DE SERVIÇO DE VENDAS DE
2024;29;14;slu_2024_p029_t14.csv;2;1;KARLA TEIXEIRA SANTOS / ROGER
2024;29;15;slu_2024_p029_t15.csv;4;1;FABIENE FREIRE AMORIM, SERGIO
2024;29;16;slu_2024_p029_t16.csv;2;1;PUBLICAÇÕES DE MATÉRIAS OFICIAIS NO DIÁRIO
2024;29;17;slu_2024_p029_t17.csv;2;1;CONNEC –
2024;29;18;slu_2024_p029_t18.csv;2;1;WAGNER SANTANA, LUANA MARIA
2024;30;1;slu_2024_p030_t1.csv;50;11; |  |  |  |  |  |  | OITENTA E QUATRO CENTAVOS) |  |  | 
2024;30;2;slu_2024_p030_t2.csv;2;1;OITENTA E QUATRO
2024;30;3;slu_2024_p030_t3.csv;3;1;R$ 51.092,00 (CINQUENTA E
2024;30;4;slu_2024_p030_t4.csv;3;1;MARIA DO ROSÁRIO DE LIMA
2024;30;5;slu_2024_p030_t5.csv;2;1;UNIVERSIDADE PATATIVA DO
2024;30;6;slu_2024_p030_t6.csv;4;1;R$ 27.868,32 (VINTE E SETE
2024;30;7;slu_2024_p030_t7.csv;4;1;LUÍS FERNANDO MONTEIRO
2024;30;8;slu_2024_p030_t8.csv;2;1;AMORIM E BANDEIRA
2024;30;9;slu_2024_p030_t9.csv;4;1;GEOVANE BARRETO SAMPAIO,
2024;30;10;slu_2024_p030_t10.csv;2;1;GRÁFICA E EDITORA
2024;30;11;slu_2024_p030_t11.csv;4;1;16.680,89 (DEZESSEIS MIL
2024;30;12;slu_2024_p030_t12.csv;3;1;EMPRESA LUC ENGENHARIA E
2024;30;13;slu_2024_p030_t13.csv;2;1;JOÃO VICTOR PIRES DA SILVEIRA,
2024;30;14;slu_2024_p030_t14.csv;4;1;TECNOLTA EQUIPAMENTOS
2024;30;15;slu_2024_p030_t15.csv;4;1;R$ 908.870,40 (NOVECENTOS
2024;30;16;slu_2024_p030_t16.csv;2;1;FABIANO MAGALHÃES SILVA,
2024;30;17;slu_2024_p030_t17.csv;2;1;LABORATÓRIO ACREDITADO PARA AVALIAR OS
2024;30;18;slu_2024_p030_t18.csv;2;1;LICENCIAMENTO DE EQUIPAMENTOS DE
2024;30;19;slu_2024_p030_t19.csv;2;1;JULLIA SCHIAVOLINI, PERCILIO
2024;31;1;slu_2024_p031_t1.csv;37;10;33/2024 | VCS COMERCIO E SERVICOS DE CHAVEIROS | 20/08/2024 | EMPRESA ESPECIALIZADA PARA PRESTAÇÃO DE SERVIÇOS DE CHAVEIRO |  |  | 20/08/2025 | R$ 3.632,00 | SÉRGIO FERNANDES DE FARIA, | 
2024;31;2;slu_2024_p031_t2.csv;2;1;EMPRESA ESPECIALIZADA PARA PRESTAÇÃO DE
2024;31;3;slu_2024_p031_t3.csv;2;1;MARIA DE JESUS DA SILVA E EDSON
2024;31;4;slu_2024_p031_t4.csv;2;1;GABRIEL MENDES DOS SANTOS,
2024;31;5;slu_2024_p031_t5.csv;5;1;LEONARDO YAMADA ARANTES,
2024;31;6;slu_2024_p031_t6.csv;2;1;THAYANE DAS NEVES SOARES,
2024;31;7;slu_2024_p031_t7.csv;3;1;ROGER FRAGOSO SOUZA, MARIA DE
2024;31;8;slu_2024_p031_t8.csv;4;8;CONTRATO Nº | EMPRESA |  | DATA DE ASSINATURA |  | OBJETO | TÉRMINO DA VIGÊNCIA | VALOR
2024;32;1;slu_2024_p032_t1.csv;2;6;" |  |  | COMPLEXO INTEGRADO DE RECICLAGEM DO DISTRITO FEDERAL - CIR A SEREM DETALHADOS NO PLANO DE TRABALHO; |  | "
2024;32;2;slu_2024_p032_t2.csv;10;10;CONTRATO Nº | EMPRESA | DATA DE ASSINATURA/ INÍCIO DA VIGÊNCIA | OBJETO |  | TÉRMINO DA VIGÊNCIA | VALOR (R$) | EXECUTORES E SUPLENTES |  | 
2024;32;3;slu_2024_p032_t3.csv;2;1;TÉRMINO DA
2024;32;4;slu_2024_p032_t4.csv;2;1;GOLDMAN SOLUÇÕES EM
2024;32;5;slu_2024_p032_t5.csv;2;1;FELIPE LEITE NISIYAM, PAULA DE SOUSA
2024;32;6;slu_2024_p032_t6.csv;2;1;JM MIX CONSTRUTORA E
2024;32;7;slu_2024_p032_t7.csv;2;1;AVISERRA SOLUÇÕES
2024;32;8;slu_2024_p032_t8.csv;2;1;EDMUNDO PACHECO GADELHA, GLORIA
2024;32;9;slu_2024_p032_t9.csv;2;1;JM MIX CONSTRUTORA E
2024;32;10;slu_2024_p032_t10.csv;9;9;CONTRATO Nº | EMPRESA |  | DATA DE ASSINATURA/ INÍCIO DA VIGÊNCIA | OBJETO |  | TÉRMINO DA VIGÊNCIA | VALOR (R$) | EXECUTORES E SUPLENTES
2024;32;11;slu_2024_p032_t11.csv;4;1;EVERALDO ANTONIO DE ARAUJO,
2024;32;12;slu_2024_p032_t12.csv;2;1;LIFE CLEAN COMERCIO DE
2024;33;1;slu_2024_p033_t1.csv;30;9;47/2024 | 3F LTDA | 28/11/2024 | ORÇAFASCIO, DESCRIÇÃO: CONTRATAÇÃO |  | 28/11/2025 | R$ 9.990,00 (NOVE MIL NOVECENTOS E NOVENTA REAIS). | AGUARDANDO | 
2024;33;2;slu_2024_p033_t2.csv;2;1;THEO ALBUQUERQUE DE PAULA,
2024;33;3;slu_2024_p033_t3.csv;2;1;FORNECIMENTO E INSTALAÇÃO DE 28
2024;33;4;slu_2024_p033_t4.csv;2;1;FORNECIMENTO E INSTALAÇÃO DE
2024;33;5;slu_2024_p033_t5.csv;4;7;CONTRATO Nº | EMPRESA | DATA DE ASSINATURA/ INÍCIO DA VIGÊNCIA | OBJETO | TÉRMINO DA VIGÊNCIA |  | EXECUTORES E SUPLENTES
2024;33;6;slu_2024_p033_t6.csv;2;1;TÉRMINO DA
2024;34;1;slu_2024_p034_t1.csv;2;7; |  |  | CONTIDAS NO PROJETO BÁSICO, ANEXO NO EDITAL DA LICITAÇÃO |  |  | ROMEIRO TEZONI DE ALMEIDA, GUSTAVO PEREIRA DE MENEZES
2024;34;2;slu_2024_p034_t2.csv;9;9;CONTRATO Nº | EMPRESA |  | DATA DE |  | OBJETO | TÉRMINO DA VIGÊNCIA | VALOR (R$) | EXECUTORES E SUPLENTES
2024;34;3;slu_2024_p034_t3.csv;2;1;TÉRMINO DA
2024;35;1;slu_2024_p035_t1.csv;3;7;36/2024 | VALOR AMBIENTAL LTDA | 05/09/2024 | CONTRATAÇÃO DE EMPRESA PARA PRESTAÇÃO DE SERVIÇO DE MONITORAMENTO E MANUTENÇÃO DA UNIDADE DE RECEBIMENTO DE ENTULHOS - URE | 05/09/2025 | R$ 25.259.334,90
2024;35;2;slu_2024_p035_t2.csv;4;9;CONTRATO Nº | EMPRESA |  | DATA DE |  | OBJETO | TÉRMINO DA VIGÊNCIA | VALOR (R$) | EXECUTORES E SUPLENTES
2024;35;3;slu_2024_p035_t3.csv;2;1;TÉRMINO DA
2024;36;1;slu_2024_p036_t1.csv;10;7; |  |  | SÓLIDOS URBANOS, COMPREENDENDO AS ATIVIDADES DE RECEPÇÃO, TRIAGEM, PRENSAGEM, ENFARDAMENTO, ARMAZENAMENTO E COMERCIALIZAÇÃO FRUTO DESTA ATIVIDADE, PARA ATENDER ÀS NECESSIDADES DO SERVIÇO DE L
2024;37;1;slu_2024_p037_t1.csv;6;7; |  |  | FERROVIÁRIO AE - EPAC - CIDADE DO AUTOMÓVEL - BRASÍLIA/DF. |  |  | 
2024;38;1;slu_2024_p038_t1.csv;6;7; |  |  | REFERENTE AO LOTE LOTE 19 - SETOR DE MANSÕES DE SOBRADINHO 1 E FERCAL, |  |  | 
2024;39;1;slu_2024_p039_t1.csv;6;7; |  |  | DEFINIDO PELO SLU PARA ATENDER ÀS NECESSIDADES DO SERVIÇO DE LIMPEZA URBANA – SLU/DF, REFERENTE AO LOTE 14 - JARDIM BOTÂNICO II |  |  | 
2024;40;1;slu_2024_p040_t1.csv;6;7; |  |  | NECESSIDADES DO SERVIÇO DE LIMPEZA URBANA – SLU/DF, REFERENTE AO LOTE 9 - SANTA MARIA |  |  | 
2024;41;1;slu_2024_p041_t1.csv;11;7; |  |  | DEFINIDO PELO SLU PARA ATENDER ÀS NECESSIDADES DO SERVIÇO DE LIMPEZA URBANA – SLU/DF, REFERENTE AO LOTE 4 - LAGO NORTE E VARJÃO |  |  | 
2024;42;1;slu_2024_p042_t1.csv;2;7;10/2024 | COOPERATIVA COOPERE | 16/01/2024 | TRIAGEM, PRENSAGEM, ENFARDAMENTO, ARMAZENAMENTO E COMERCIALIZAÇÃO | 15/01/2025 | R$ 433.576,80 | ANDRÉ LUIZ JUNQUEIRA GUIMARÃES, ANDERSON FERNANDES DE MOUR
2024;42;2;slu_2024_p042_t2.csv;9;36; | DESPESAS COM ÁGUA, LUZ, TELEFONE, IPTU E TLP |  |  |  |  |  |  |  |  |  |  |  |  |  |  |  |  |  |  |  |  |  |  |  |  |  |  |  |  |  |  |  |  |  | 
2024;42;3;slu_2024_p042_t3.csv;6;37; | DESPESAS COM ALUGUEL |  |  |  |  |  |  |  |  |  |  |  |  |  |  |  |  |  |  |  |  |  |  |  |  |  |  |  |  |  |  |  |  |  |  | 
2024;42;4;slu_2024_p042_t4.csv;5;16;Nº |  |  | SEDE |  |  | NÚCLEO | RA | ENDEREÇO | PROPRIEDADE | SITUAÇÃO | ÁREA TOTAL |  |  | ÁREA | 
2024;43;1;slu_2024_p043_t1.csv;28;19;2 |  |  | GESUL |  |  | NUCLA |  | Águas Claras | Parque do Areal - Areal | IBRAM | Empréstimo |  |  |  |  |  |  | 
2024;44;1;slu_2024_p044_t1.csv;23;19;27 |  |  |  |  |  | NUTRA |  | Asa Sul | Avenida das Nações S/N | Próprio | Próprio |  | 116.469 |  |  | 9.737 |  | 
2024;45;1;slu_2024_p045_t1.csv;12;6; | CONTRATAÇÃO |  |  | STATUS | 
2024;45;2;slu_2024_p045_t2.csv;5;6; | CONTRATAÇÃO |  |  | STATUS | 
2024;46;1;slu_2024_p046_t1.csv;29;3; | REEQUILÍBRIOS E ADITIVOS CONTRATUAIS | 
2024;50;1;slu_2024_p050_t1.csv;5;31; |  |  | JAN |  | FEV |  | MAR |  | ABR |  | MAI |  | JUN |  | JUL |  | AGO | SET |  | OUT |  | NOV |  | DEZ |  | Total |  |  | Média | 
2024;50;2;slu_2024_p050_t2.csv;5;31; |  |  | JAN |  | FEV |  | MAR |  | ABR |  | MAI |  | JUN |  | JUL |  | AGO | SET |  | OUT |  | NOV |  | DEZ |  | Total |  |  | Média | 
2024;50;3;slu_2024_p050_t3.csv;5;31; |  |  | JAN |  | FEV |  | MAR |  | ABR |  | MAI |  | JUN |  | JUL |  | AGO | SET |  | OUT |  | NOV |  | DEZ |  | Total |  |  | Média | 
2024;50;4;slu_2024_p050_t4.csv;5;31; |  |  | JAN |  | FEV |  | MAR |  | ABR |  | MAI |  | JUN |  | JUL |  | AGO | SET |  | OUT |  | NOV |  | DEZ |  | Total |  |  | Média | 
2024;51;1;slu_2024_p051_t1.csv;5;18; |  |  | JAN | FEV | MAR | ABR | MAI | JUN | JUL | AGO | SET | OUT | NOV | DEZ | Total | Média | 
2024;51;2;slu_2024_p051_t2.csv;5;18; |  |  | JAN | FEV | MAR | ABR | MAI | JUN | JUL | AGO | SET | OUT | NOV | DEZ | Total | Média | 
2024;51;3;slu_2024_p051_t3.csv;5;18; |  |  | JAN | FEV | MAR | ABR | MAI | JUN | JUL | AGO | SET | OUT | NOV | DEZ | Total | Média | 
2024;51;4;slu_2024_p051_t4.csv;5;18; |  |  | JAN | FEV | MAR | ABR | MAI | JUN | JUL | AGO | SET | OUT | NOV | DEZ | Total | Média | 
2024;51;5;slu_2024_p051_t5.csv;5;18; |  |  | JAN | FEV | MAR | ABR | MAI | JUN | JUL | AGO | SET | OUT | NOV | DEZ | Total | Média | 
2024;52;1;slu_2024_p052_t1.csv;7;31; |  |  | JAN |  | FEV |  | MAR |  | ABR |  | MAI |  | JUN |  | JUL |  | AGO |  | SET |  | OUT |  | NOV |  | DEZ |  | Total |  | Média | 
2024;52;2;slu_2024_p052_t2.csv;4;31; |  |  | JAN |  | FEV |  | MAR |  | ABR |  | MAI |  | JUN |  | JUL |  | AGO |  | SET |  | OUT |  | NOV |  | DEZ |  | Total |  | Média | 
2024;52;3;slu_2024_p052_t3.csv;5;31; |  |  | JAN |  | FEV |  | MAR |  | ABR |  | MAI |  | JUN |  | JUL |  | AGO |  | SET |  | OUT |  | NOV |  | DEZ |  | Total |  | Média | 
2024;52;4;slu_2024_p052_t4.csv;2;31; |  |  | JAN |  | FEV |  | MAR |  | ABR |  | MAI |  | JUN |  | JUL |  | AGO |  | SET |  | OUT |  | NOV |  | DEZ |  | Total |  | Média | 
2024;53;1;slu_2024_p053_t1.csv;4;22; |  | JAN | FEV | MAR | ABR |  | MAI |  | JUN |  | JUL |  | AGO | SET | OUT | NOV | DEZ | Total |  | Média | 
2024;53;2;slu_2024_p053_t2.csv;4;27; |  | JAN |  | FEV |  | MAR |  | ABR |  |  | MAI |  |  | JUN |  | JUL |  | AGO | SET | OUT | NOV | DEZ | Total |  | Média | 
2024;53;3;slu_2024_p053_t3.csv;2;29; |  |  | JAN |  | FEV |  |  | MAR |  |  | ABR |  |  | MAI |  |  | JUN |  | JUL | AGO | SET | OUT | NOV | DEZ | Total |  | Média | 
2024;53;4;slu_2024_p053_t4.csv;5;33; |  |  |  | JAN |  | FEV |  |  | MAR |  |  | ABR |  |  | MAI |  |  | JUN |  |  | JUL |  | AGO |  | SET | OUT | NOV | DEZ | Total |  | Média | 
2024;53;5;slu_2024_p053_t5.csv;5;33; |  |  |  | JAN |  | FEV |  |  | MAR |  |  | ABR |  |  | MAI |  |  | JUN |  |  | JUL |  | AGO |  | SET | OUT | NOV | DEZ | Total |  | Média | 
2024;54;1;slu_2024_p054_t1.csv;5;41; |  |  |  | JAN |  |  | FEV |  | MAR |  |  | ABR |  |  | MAI |  |  | JUN |  |  | JUL |  |  | AGO |  |  | SET |  | OUT | NOV |  |  | DEZ |  |  | Total |  |  | Média | 
2024;54;2;slu_2024_p054_t2.csv;2;41; |  |  |  | JAN |  |  | FEV |  | MAR |  |  | ABR |  |  | MAI |  |  | JUN |  |  | JUL |  |  | AGO |  |  | SET |  | OUT | NOV |  |  | DEZ |  |  | Total |  |  | Média | 
2024;54;3;slu_2024_p054_t3.csv;2;41; |  |  |  | JAN |  |  | FEV |  | MAR |  |  | ABR |  |  | MAI |  |  | JUN |  |  | JUL |  |  | AGO |  |  | SET |  | OUT | NOV |  |  | DEZ |  |  | Total |  |  | Média | 
2024;55;1;slu_2024_p055_t1.csv;17;30; | ATIVIDADE |  |  | UNIDADE |  |  | 2017 |  |  | 2018 |  |  | 2019 |  |  | 2020 |  |  | 2021 |  |  | 2022 |  |  | 2023 |  |  | 2024 | 
2024;56;1;slu_2024_p056_t1.csv;20;94;EQUIPAMENTOS LIMPEZA URBANA |  |  |  | R O T E L O C O Ã H N IM A C | R O D A T C A P M O C |  |  |  | Ú A B R O T E L O C O Ã H N IM A C |  |  |  | A L O IA G O Ã H N IM A C |  |  | Ú A B O Ã H N IM 
2024;56;2;slu_2024_p056_t2.csv;2;1;EQUIPAMENTOS
2024;57;1;slu_2024_p057_t1.csv;4;74; | S O R R E T A S O D S O T N E M A P IU Q E |  |  | E D O L U C ÍE V | O Ã Ç A Z IL A C S IF / O IO P A |  |  | A C IL U Á R D IH A R IE D A V A C S E |  |  | IC E T S A B A E D O Ã H N IM A C | )A 
2024;57;2;slu_2024_p057_t2.csv;3;1;Unidade de
2024;57;3;slu_2024_p057_t3.csv;3;1;Operação e
2024;57;4;slu_2024_p057_t4.csv;5;19; | EQUIPAMENTOS DOS |  | ESCAVADEIRA HIDRÁULICA |  |  | CARRETA TRANSPORTADORA DE |  | PÁ CARREGADEIRA |  |  | CAMINHÃO |  |  | CARRETA DE |  | Total |  | 
2024;59;1;slu_2024_p059_t1.csv;9;1;O papa-entulho é o espaço adequado para a população descartar restos de obra, móveis
2024;59;2;slu_2024_p059_t2.csv;21;45; | Unidade |  |  | JAN |  |  | FEV |  |  | MAR |  |  | ABR |  |  | MAI |  |  | JUN |  |  | JUL |  |  | AGO |  |  | SET |  |  | OUT |  |  | NOV |  |  | DEZ |  |  | Total |  |  | Média | 
2024;60;1;slu_2024_p060_t1.csv;4;30; | Sobradinho I - 2 |  | 113,19 |  |  | 85,64 |  | 115,19 |  | 90,09 | 77,99 | 96,77 | 116,41 | 122,07 | 117,45 |  | 129,06 |  |  | 128,76 |  |  | 100,79 |  | 1.293,41 |  |  | 107,78 | 
2024;60;2;slu_2024_p060_t2.csv;25;32; | Unidade |  |  | JAN |  |  | FEV |  | MAR |  | ABR |  | MAI | JUN | JUL | AGO |  | SET |  | OUT |  |  | NOV |  |  | DEZ | Total |  |  | Média | 
2024;60;3;slu_2024_p060_t3.csv;2;32; | Unidade |  |  | JAN |  |  | FEV |  |  | MAR |  | ABR | MAI | JUN | JUL | AGO |  | SET |  | OUT |  |  | NOV |  |  | DEZ | Total |  |  | Média | 
2024;61;1;slu_2024_p061_t1.csv;23;45; | Asa sul |  | 10,79 |  |  | 17,08 |  |  | 24,69 |  |  | 13,23 |  |  | 13,67 |  |  | 7,74 |  |  | 15,43 |  |  | 7,86 |  |  | 11,17 |  |  | 10,96 |  |  | 14,31 |  |  | 8,81 |  |  |  | 155,74 |  |  | 1
2024;61;2;slu_2024_p061_t2.csv;8;45; | Unidade |  |  | JAN |  |  | FEV |  |  | MAR |  |  | ABR |  |  | MAI |  |  | JUN |  |  | JUL |  |  | AGO |  |  | SET |  |  | OUT |  |  | NOV |  |  | DEZ |  |  | Total |  |  | Média | 
2024;62;1;slu_2024_p062_t1.csv;17;45; | Gama 2 |  | 5,16 |  |  | 51,19 |  |  | 266,75 |  |  | 144,87 |  |  | 163,28 |  |  | 156,27 |  |  | 176,92 |  |  | 132,55 |  |  | 164,33 |  |  | 186,33 |  |  | 177,18 |  |  | 154,82 |  |  |  | 1.779
2024;62;2;slu_2024_p062_t2.csv;13;5;REGIÃO | ENDEREÇO |  |  | LOCALIZAÇÃO
2024;63;1;slu_2024_p063_t1.csv;16;7;Guará |  | SRIA IIA QE 25 Área Especial do CAVE (próximo à Feira Permanente) |  |  | http://maps.google.com/maps?z=12&t=m&q=loc:-15.82291228,-47.97350266 | 
2024;66;1;slu_2024_p066_t1.csv;4;22; | QUANTITATIVOS DE RESÍDUOS ATERRADOS NO ATERRO SANITÁRIO DE BRASÍLIA (EM TONELADAS) |  |  |  |  |  |  |  |  |  |  |  |  |  |  |  |  |  |  |  | 
2024;66;2;slu_2024_p066_t2.csv;16;22; | QUANTITATIVOS MENSAIS RECEPCIONADOS NO ASB |  |  |  |  |  |  |  |  |  |  |  |  |  |  |  |  |  |  |  | 
2024;67;1;slu_2024_p067_t1.csv;7;12; | ETAPAS DA CONSTRUÇÃO DO ASB |  |  |  |  |  |  |  |  |  | 
2024;67;2;slu_2024_p067_t2.csv;14;6; | MÊS |  |  | VOLUME (M³) | 
2024;69;1;slu_2024_p069_t1.csv;15;18; | NÚMERO DE VIAGENS |  |  |  |  |  |  |  |  |  |  |  |  |  |  |  | 
2024;69;2;slu_2024_p069_t2.csv;15;18; | PESO LÍQUIDO POR MÊS (EM TONELADAS) |  |  |  |  |  |  |  |  |  |  |  |  |  |  |  | 
2024;70;1;slu_2024_p070_t1.csv;15;21; | BRITADOS PRODUZIDOS NA RECICLAGEM DO RCC (TONELADAS) |  |  |  |  |  |  |  |  |  |  |  |  |  |  |  |  |  |  | 
2024;70;2;slu_2024_p070_t2.csv;15;21; | BRITADOS DOADOS |  |  |  |  |  |  |  |  |  |  |  |  |  |  |  |  |  |  | 
2024;71;1;slu_2024_p071_t1.csv;14;6; | MÊS |  |  | TOTAL DOAÇÃO (T) | 
2024;73;1;slu_2024_p073_t1.csv;39;17; | LOTE I (R$) |  |  |  |  |  |  |  |  |  |  |  |  |  |  | 
2024;74;1;slu_2024_p074_t1.csv;38;17; | LOTE II (R$) |  |  |  |  |  |  |  |  |  |  |  |  |  |  | 
2024;75;1;slu_2024_p075_t1.csv;38;17; | LOTE III (R$) |  |  |  |  |  |  |  |  |  |  |  |  |  |  | 
2024;76;1;slu_2024_p076_t1.csv;41;17; | TOTAL PAGO NOS LOTES I, II E III (R$) |  |  |  |  |  |  |  |  |  |  |  |  |  |  | 
2024;77;1;slu_2024_p077_t1.csv;13;22; | URE |  |  |  |  |  |  |  |  |  |  |  |  |  |  |  |  |  |  |  | 
2024;77;2;slu_2024_p077_t2.csv;3;1;Operação e manutenção da
2024;77;3;slu_2024_p077_t3.csv;3;1;Execução dos serviços de
2024;77;4;slu_2024_p077_t4.csv;2;1;Custo por
2024;77;5;slu_2024_p077_t5.csv;2;1;Custo por
2024;77;6;slu_2024_p077_t6.csv;2;1;Custo por
2024;77;7;slu_2024_p077_t7.csv;12;17; | URE – NOVO CONTRATO |  |  |  |  |  |  |  |  |  |  |  |  |  |  | 
2024;78;1;slu_2024_p078_t1.csv;15;9; | ATERRO SANITÁRIO DE BRASÍLIA - ATERRAMENTO |  |  |  |  |  |  | 
2024;78;2;slu_2024_p078_t2.csv;16;15; | CUSTO DA OPERAÇÃO DOS PAPA ENTULHO (PEV) |  |  |  |  |  |  |  |  |  |  |  |  | 
2024;79;1;slu_2024_p079_t1.csv;19;30; | UTMB PSUL - UNIDADE DE TRATAMENTO MECÂNICO BIOLÓGICO DA CEILÂNDIA (PSUL) |  |  |  |  |  |  |  |  |  |  |  |  |  |  |  |  |  |  |  |  |  |  |  |  |  |  |  | 
2024;79;2;slu_2024_p079_t2.csv;3;1;Transporte De
2024;79;3;slu_2024_p079_t3.csv;2;1;Custo por
2024;79;4;slu_2024_p079_t4.csv;2;1;Operação De
2024;79;5;slu_2024_p079_t5.csv;2;1;Custo por
2024;79;6;slu_2024_p079_t6.csv;2;1;Custo por
2024;79;7;slu_2024_p079_t7.csv;2;1;Transporte De
2024;79;8;slu_2024_p079_t8.csv;2;1;Custo por
2024;79;9;slu_2024_p079_t9.csv;16;9; | UTMB ASA SUL - UNIDADE DE TRATAMENTO MECÂNICO BIOLÓGICO - ASA SUL |  |  |  |  |  |  | 
2024;94;1;slu_2024_p094_t1.csv;28;16; | CONTRATOS E RESULTADOS DA COLETA SELETIVA INCLUSIVA POR COOPERATIVA/ASSOCIAÇÃO |  |  |  |  |  |  |  |  |  |  |  |  |  | 
2024;94;2;slu_2024_p094_t2.csv;2;1;Nº DO
2024;94;3;slu_2024_p094_t3.csv;2;1;VALOR DO CONTRATO
2024;94;4;slu_2024_p094_t4.csv;2;1;VALOR PAGO EM
2024;96;1;slu_2024_p096_t1.csv;12;6; | AÇÕES CONJUNTAS DE MOBILIZAÇÃO SOCIAL EM 2024 |  |  |  | 
2024;99;1;slu_2024_p099_t1.csv;24;6;CONTRATOS E RESULTADOS DA TRIAGEM POR COOPERATIVA |  |  |  |  | 
2024;101;1;slu_2024_p101_t1.csv;24;12;IRRs E CTRs GERIDAS PELO SLU |  |  |  |  |  |  |  |  |  |  | 
2024;102;1;slu_2024_p102_t1.csv;15;21; | RESÍDUOS RECUPERADOS EM TONELADAS POR MÊS EM 2024 (TONELADAS) |  |  |  |  |  |  |  |  |  |  |  |  |  |  |  |  |  |  | 
2024;103;1;slu_2024_p103_t1.csv;24;7;REPRESENTATIVIDADE DE MATERIAL COMERCIALIZADO POR COOPERATIVA (%Ton) |  |  |  |  |  | 
2024;104;1;slu_2024_p104_t1.csv;9;12; | DISTRIBUIÇÃO DA RECEITA GERADA PELOS MATERIAIS RECICLÁVEIS COMERCIALIZADOS EM 2024 |  |  |  |  |  |  |  |  |  | 
2024;104;2;slu_2024_p104_t2.csv;10;15;Material |  |  |  | Média de Valor |  | Média de Valor Unitário pago pelo SLU (R$/Kg) (B) |  |  | Média de Valor Unitário total (R$/kg) (C) |  |  | Valorização do Valor Unitário pelo SLU (C/A) |  | 
2024;104;3;slu_2024_p104_t3.csv;3;1;Média de Valor
2024;104;4;slu_2024_p104_t4.csv;3;1;Média de Valor
2024;104;5;slu_2024_p104_t5.csv;3;1;Valorização do
2024;105;1;slu_2024_p105_t1.csv;11;9; | COMPRADORES |  |  | PESO (Ton) |  |  | PORCENTAGEM | 
2024;106;1;slu_2024_p106_t1.csv;15;21; |  |  |  | IRR SAAN |  |  |  |  | CTR 1 e 2 |  |  |  |  | IRR SCIA ALUGADO |  |  |  |  | SIA - Trecho 17 | 
2024;107;1;slu_2024_p107_t1.csv;16;11; |  |  |  | IRR P SUL |  |  |  |  | IRR SCIA NOVO | 
2024;108;1;slu_2024_p108_t1.csv;16;16; |  |  |  | IRR BRAZLÂNDIA |  |  |  |  | IRR PARANOÁ |  |  |  |  | GALPÃO SOBRADINHO | 
2024;108;2;slu_2024_p108_t2.csv;8;13;GALPÃO CEDIDO CEILÂNDIA - Cooperativa Recicle a Vida | Mês |  |  |  | Quantidade Mensal |  | GALPÃO CEDIDO SANTA MARIA - Cooperativa R3 | Mês |  |  |  | Quantidade Mensal Recebida (Ton)
2024;108;3;slu_2024_p108_t3.csv;3;1;GALPÃO CEDIDO
2024;109;1;slu_2024_p109_t1.csv;7;14; |  | Julho |  | 71,77 |  |  |  |  | Julho |  | 90,69 |  | 
2024;109;2;slu_2024_p109_t2.csv;15;14;GALPÃO CEDIDO SÃO SEBASTIÃO - Cooperativa Ecolimpo | Mês |  |  |  | Quantidade Mensal |  | GALPÃO CEDIDO Varjão - Cooperativa CRV | Mês |  |  |  | Quantidade Mensal Recebida | 
2024;109;3;slu_2024_p109_t3.csv;3;1;GALPÃO CEDIDO
2024;109;4;slu_2024_p109_t4.csv;4;1;GALPÃO CEDIDO
2024;109;5;slu_2024_p109_t5.csv;10;7;GALPÃO CEDIDO SOBRADINHO - Cooperativas Planalto e Reciclamais | Mês |  |  |  | Quantidade Mensal | 
2024;109;6;slu_2024_p109_t6.csv;5;1;GALPÃO CEDIDO
2024;110;1;slu_2024_p110_t1.csv;5;6; |  | Setembro |  | 28,69 | 
2024;110;3;slu_2024_p110_t3.csv;16;9; | QUANTIDADE MENSAL RECEBIDA (TON) |  |  |  |  |  |  | 
2024;111;1;slu_2024_p111_t1.csv;10;15; | COOPERATIVAS/ASSOCIAÇÕES COM CONTRATOS APENAS DE COLETA SELETIVA |  |  |  |  |  |  |  |  |  |  |  |  | 
2024;111;2;slu_2024_p111_t2.csv;2;1;TOTAL DE
2024;111;3;slu_2024_p111_t3.csv;2;1;RA DE PRESTAÇÃO
2024;111;4;slu_2024_p111_t4.csv;2;1;PRESIDENTE/
2024;112;1;slu_2024_p112_t1.csv;7;10;7 | Planalto | CIR – AE – Pátio Ferroviário | 10.553.313/0001- 20 | 4 | 5 | 9 | Setor de Mansões Sobradinho II e Fercal | Ricardo | planaltocoop2022@gmail.com
2024;112;2;slu_2024_p112_t2.csv;6;10;COOPERATIVAS/ASSOCIAÇÕES COM CONTRATOS APENAS DE TRIAGEM |  |  |  |  |  |  |  |  | 
2024;112;3;slu_2024_p112_t3.csv;2;1;TOTAL DE
2024;113;1;slu_2024_p113_t1.csv;9;10;3 |  | Ambiente | Centro Integrado de Resíduos – CTR 1 – Pátio Ferroviário – Brasília/DF | 04.096.838/0001-81 |  | 111 | SCIA | Cláudia | adm2.ambiente@gmail.com
2024;113;2;slu_2024_p113_t2.csv;3;16; | COOPERATIVAS/ASSOCIAÇÕES COM CONTRATOS DE COLETA SELETIVA E TRIAGEM |  |  |  |  |  |  |  |  |  |  |  |  |  | 
2024;114;1;slu_2024_p114_t1.csv;11;12;1 |  | Construir | Centro Integrado de Resíduos – Pátio Ferroviário – Brasília/DF | 15.211.445/0001-98 |  | 31 |  |  | Colônia Agrícola Samambaia | Zilda | cooperativaconstruir2018@gmail.com
2024;115;1;slu_2024_p115_t1.csv;29;65;ENTRADA DE RESÍDUOS NAS UNIDADES GERENCIADAS PELO SLU E GALPÕES PRÓPRIOS DE COOPERATIVAS (EM TONELADAS) |  |  |  |  |  |  |  |  |  |  |  |  |  |  |  |  |  |  |  |  |  |  |  |  |  |  |  |  |  |  |  |  
2024;116;1;slu_2024_p116_t1.csv;33;42; | GALPÃO PRÓPRIO VARJÃO |  |  | 52,69 |  |  | 44,68 |  |  | 43,68 |  |  | 73,85 |  |  | 54,48 |  |  | 46,43 |  |  | 59,52 |  |  | 69,05 |  |  | 69,49 |  |  | 75,12 |  |  | 65,36 |  |  | 70,21 |  |  |
2024;117;1;slu_2024_p117_t1.csv;21;12; | REPRESENTATIVADE DAS RA NA DISTRIBUIÇÃO DE RESÍDUOS PARA IRR/CTR EM 2024 |  |  |  |  |  |  |  |  |  | 
2024;118;1;slu_2024_p118_t1.csv;21;12; | NÚMERO DE VIAGENS POR IRR/CTR EM 2024 |  |  |  |  |  |  |  |  |  | 
2024;119;1;slu_2024_p119_t1.csv;6;9;APROVEITAMENTO DA COLETA SELETIVA NOS CTRs E IRRs |  |  |  |  |  |  |  | 
2024;120;1;slu_2024_p120_t1.csv;5;9; | Resíduos Comercializados nos CTRs e IRRs* |  |  | Toneladas |  |  | 29.179,41 | 
2024;120;2;slu_2024_p120_t2.csv;6;9; | APROVEITAMENTO NAS USINAS (UTMB) |  |  |  |  |  |  | 
2024;122;1;slu_2024_p122_t1.csv;31;12; | RESÍDUOS COLETADOS PELA COLETA SELETIVA POR COOPERATIVAS/ASSOCIAÇÕES E EMPRESAS (TON) |  |  |  |  |  |  |  |  |  | 
2024;123;1;slu_2024_p123_t1.csv;39;36; | QUANTITATIVO DA COLETA SELETIVA POR COOPERATIVA/ASSOCIAÇÃO |  |  |  |  |  |  |  |  |  |  |  |  |  |  |  |  |  |  |  |  |  |  |  |  |  |  |  |  |  |  |  |  |  | 
2024;123;2;slu_2024_p123_t2.csv;2;1;Nº
2024;123;3;slu_2024_p123_t3.csv;2;1;Custo mensal do
2024;123;4;slu_2024_p123_t4.csv;2;1;Média mensal do
2024;123;5;slu_2024_p123_t5.csv;2;1;Valor pago em
2024;123;6;slu_2024_p123_t6.csv;2;1;Resíduos
2024;123;7;slu_2024_p123_t7.csv;2;1;Vigência do
2024;124;1;slu_2024_p124_t1.csv;29;12;ATENDIMENTO DA COLETA SELETIVA POR REGIÃO ADMINISTRATIVA |  |  |  |  |  |  |  |  |  |  | 
2024;125;1;slu_2024_p125_t1.csv;8;8; | 28 |  | Riacho Fundo I | SIM |  | Cooperativa | 
2024;125;2;slu_2024_p125_t2.csv;6;8;COBERTURA DA COLETA SELETIVA |  |  |  |  |  |  | 
2024;125;3;slu_2024_p125_t3.csv;10;21; | QUANTITATIVO DA TRIAGEM DE RESÍDUOS POR COOPERATIVA/ASSOCIAÇÃO |  |  |  |  |  |  |  |  |  |  |  |  |  |  |  |  |  |  | 
2024;125;4;slu_2024_p125_t4.csv;4;1;Quantidade
2024;125;5;slu_2024_p125_t5.csv;2;1;Nº
2024;125;6;slu_2024_p125_t6.csv;2;1;Nº
2024;125;7;slu_2024_p125_t7.csv;2;1;Valor unitário por
2024;125;8;slu_2024_p125_t8.csv;2;1;Custo mensal do
2024;125;9;slu_2024_p125_t9.csv;2;1;Média mensal do
2024;125;10;slu_2024_p125_t10.csv;2;1;Vigência do
2024;126;1;slu_2024_p126_t1.csv;15;41;7 |  |  | Coopativa |  |  | Coop. |  |  | 36/2018 |  |  | 20 |  |  | SIA - LINHA DO TREM |  |  | 60 |  |  | 59,83 |  |  | 718,00 |  | R$ 401,54 |  |  | R$ 24.092,40 |  |  | R$ 24.019,39 |  |  | R$ 264
2024;126;2;slu_2024_p126_t2.csv;13;11;PAGAMENTOS DOS CONTRATOS COM ORGANIZAÇÕES DE CATADORES E QUADRO DE VENDA DO MATERIAL RECUPERADO |  |  |  |  |  |  |  |  |  | 
2024;126;3;slu_2024_p126_t3.csv;3;1;Nº catadores
2024;127;1;slu_2024_p127_t1.csv;26;12;10 | Coopernoes | Coleta Sel. e Triagem | R$ 481.301,80 |  |  | R$ 433.576,80 |  |  | R$ 593.306,07 | R$ 1.508.184,67 | 40
2024;130;1;slu_2024_p130_t1.csv;15;9; | CONTROLE DE TRANSPORTE DE RESÍDUOS (CTR) |  |  |  |  |  |  | 
2024;137;1;slu_2024_p137_t1.csv;10;6; | Motivos de inoperatividade |  |  |  | 
2024;137;2;slu_2024_p137_t2.csv;7;6; | Locais de Maior Incidência de inoperatividade: |  |  |  | 
2024;138;1;slu_2024_p138_t1.csv;13;2;Gama | 3
2024;151;1;slu_2024_p151_t1.csv;15;15; | ANÁLISE DE NOTÍCIAS |  |  |  |  |  |  |  |  |  |  |  |  | 
2024;152;1;slu_2024_p152_t1.csv;3;42; | ATENDIMENTO À IMPRENSA |  |  |  |  |  |  |  |  |  |  |  |  |  |  |  |  |  |  |  |  |  |  |  |  |  |  |  |  |  |  |  |  |  |  |  |  |  |  |  | 
2024;152;2;slu_2024_p152_t2.csv;8;42; | PUBLICAÇÕES NO INSTAGRAM DO SLU |  |  |  |  |  |  |  |  |  |  |  |  |  |  |  |  |  |  |  |  |  |  |  |  |  |  |  |  |  |  |  |  |  |  |  |  |  |  |  | 
2024;152;3;slu_2024_p152_t3.csv;5;6; | RESUMO DAS ATIVIDADES EM 2024 |  |  |  | 
2025;15;1;slu_2025_p015_t1.csv;18;16;FORÇA DE TRABALHO (2025) |  |  |  |  |  |  |  |  |  |  |  |  |  |  | 
2025;15;2;slu_2025_p015_t2.csv;7;11;DIRETORIAS |  |  | COM CARGO |  | SEM CARGO |  |  | TOTAL |  | 
2025;16;1;slu_2025_p016_t1.csv;7;8;DIRETORIAS |  |  | PREENCHIDOS | VAGOS | TOTAL |  | 
2025;16;2;slu_2025_p016_t2.csv;14;2;MÊS | QUANTIDADE
2025;17;2;slu_2025_p017_t2.csv;10;12; | 1º TRIMESTRE |  |  |  |  |  |  |  |  |  | 
2025;17;3;slu_2025_p017_t3.csv;21;12; | 2º TRIMESTRE |  |  |  |  |  |  |  |  |  | 
2025;18;1;slu_2025_p018_t1.csv;15;9; |  | Lei Geral de Proteção de Dados - Legislação e Implementação |  |  |  | 2 |  | 
2025;18;2;slu_2025_p018_t2.csv;18;12; | 3º TRIMESTRE |  |  |  |  |  |  |  |  |  | 
2025;19;1;slu_2025_p019_t1.csv;26;12; | 4º TRIMESTRE |  |  |  |  |  |  |  |  |  | 
2025;20;2;slu_2025_p020_t2.csv;15;6; | 1º TRIMESTRE |  |  |  | 
2025;20;3;slu_2025_p020_t3.csv;10;6; | 2º TRIMESTRE |  |  |  | 
2025;20;4;slu_2025_p020_t4.csv;9;2;3º TRIMESTRE | 
2025;21;1;slu_2025_p021_t1.csv;5;2;Setembro Amarelo - Projeto Help | 37
2025;21;2;slu_2025_p021_t2.csv;17;2;4º TRIMESTRE | 
2025;22;1;slu_2025_p022_t1.csv;14;36;PESSOAL ENVOLVIDO NA LIMPEZA URBANA |  |  |  |  |  |  |  |  |  |  |  |  |  |  |  |  |  |  |  |  |  |  |  |  |  |  |  |  |  |  |  |  |  |  | 
2025;22;2;slu_2025_p022_t2.csv;3;1;PESSOAL
2025;22;3;slu_2025_p022_t3.csv;4;1;Engenheiro /
2025;22;4;slu_2025_p022_t4.csv;4;1;Médico do Trabalho
2025;22;5;slu_2025_p022_t5.csv;2;1;Administrativo/
2025;22;6;slu_2025_p022_t6.csv;10;85;PESSOAL ASB, URE, COOPERATIVA/ASSOCIAÇÃO E USINAS |  |  |  | o s iP e d la c s iF |  |  | e d ro d a re p O | a n iu q á M | a ts iro to M |  |  | s o d a g e rra c n E |  |  | e tn e v re S |  |  | r
2025;22;7;slu_2025_p022_t7.csv;3;1;PESSOAL ASB, URE,
2025;24;1;slu_2025_p024_t1.csv;18;18; | DIVISÃO DO ORÇAMENTO (R$) |  |  |  |  |  |  |  |  |  |  |  |  |  |  |  | 
2025;24;2;slu_2025_p024_t2.csv;16;30; | VALORES DAS FONTES |  |  |  |  |  |  |  |  |  |  |  |  |  |  |  |  |  |  |  |  |  |  |  |  |  |  |  | 
2025;25;1;slu_2025_p025_t1.csv;17;21; | QUADRO LOA x DESPESA (EM R$) |  |  |  |  |  |  |  |  |  |  |  |  |  |  |  |  |  |  | 
2025;25;2;slu_2025_p025_t2.csv;12;10; | EVOLUÇÃO TLP (R$) |  |  |  |  |  |  |  | 
2025;26;1;slu_2025_p026_t1.csv;16;13; | TAXA DE LIMPEZA PÚBLICA (EM R$) |  |  |  |  |  |  |  |  |  |  | 
2025;26;2;slu_2025_p026_t2.csv;6;4; | TIPO DE DESPESA | TOTAL | 
2025;26;3;slu_2025_p026_t3.csv;7;4; | TIPO DE DESPESA | TOTAL | 
2025;27;1;slu_2025_p027_t1.csv;63;11;CONTRATO Nº | EMPRESA |  | DATA DE |  | OBJETO |  |  | DATA DO TÉRMINO DA VIGÊNCIA | VALOR (R$) | EXECUTORES E SUPLENTES
2025;27;2;slu_2025_p027_t2.csv;2;1;DATA DO TÉRMINO
2025;27;3;slu_2025_p027_t3.csv;2;1;AR EMPREENDIMENTOS, PARTICIPAÇÕES E
2025;27;4;slu_2025_p027_t4.csv;2;1;LUIS FERNANDO MONTEIRO BARBOSA,
2025;27;5;slu_2025_p027_t5.csv;2;1;GUSTAVO DE OLIVEIRA COSTA. JOÃO GABRIEL
2025;27;6;slu_2025_p027_t6.csv;2;1;JOSANE NASCIMENTO DE OLIVEIRA, ANDERSON
2025;27;7;slu_2025_p027_t7.csv;2;1;JOAQUIM DE MATOS FURTADO JUNIOR,
2025;27;8;slu_2025_p027_t8.csv;2;1;JOAQUIM DE MATOS FURTADO JUNIOR,
2025;27;9;slu_2025_p027_t9.csv;3;1;ANDERSON MUNIZ DE SOUSA, EDSON
2025;27;10;slu_2025_p027_t10.csv;2;1;JOÃO VICTOR PIRES DA SILVEIRA, LUIZ RIBEIRO
2025;27;11;slu_2025_p027_t11.csv;3;1;MILTON PEREIRA BARROS FILHO, JULIA BORGES
2025;27;12;slu_2025_p027_t12.csv;3;1;MILTON PEREIRA BARROS FILHO, JULIA BORGES
2025;27;13;slu_2025_p027_t13.csv;4;1;GABRIEL AUGUSTO FERREIRA RO, GUSTAVO
2025;28;1;slu_2025_p028_t1.csv;68;13;26/2025 | MC ENGENHARIA LTDA |  |  | 05/02/2025 |  | CONTRATAÇÃO DE EMPRESA ESPECIALIZADA PARA A EXECUÇÃO DA |  | 18/10/2026 | R$ 4.013.800,78 | FERNANDO EDSON OLIVEIRA PEREIRA, GABRIEL AUGUSTO FERREI
2025;28;2;slu_2025_p028_t2.csv;3;1;FERNANDO EDSON OLIVEIRA PEREIRA, GABRIEL
2025;28;3;slu_2025_p028_t3.csv;2;1;VICTOR ALEXSANDER DE OLIVEIRA SILVA,
2025;28;4;slu_2025_p028_t4.csv;2;1;ESTE CONTRATO TEM POR OBJETO A PRESTAÇÃO PELA DISTRIBUIDORA DO
2025;28;5;slu_2025_p028_t5.csv;3;1;FABIENE FREIRE AMORIM, LUIS FERNANDO
2025;28;6;slu_2025_p028_t6.csv;3;1;LUIZ RIBEIRO VALE
2025;28;7;slu_2025_p028_t7.csv;2;1;PRIME CONSULTORIA E ASSESSORIA
2025;28;8;slu_2025_p028_t8.csv;2;1;ANDERSON MUNIZ DE SOUSA, SERGIO
2025;28;9;slu_2025_p028_t9.csv;2;1;MISAEL BATISTA DE SOUZA SILVA, GUILLERMO
2025;28;10;slu_2025_p028_t10.csv;2;1;ANDERSON MUNIZ DE SOUSA, EDSON
2025;28;11;slu_2025_p028_t11.csv;2;1;LÍDER NOTEBOOKS COMÉRCIO E SERVIÇOS
2025;28;12;slu_2025_p028_t12.csv;2;1;LUIZ RIBEIRO VALE JUNIOR, FABIANO
2025;28;13;slu_2025_p028_t13.csv;2;1;EMPRESA LUC ENGENHARIA E INTEGRAÇÃO
2025;28;14;slu_2025_p028_t14.csv;2;1;JOÃO VICTOR PIRES DA SILVEIRA, GUSTAVO
2025;28;15;slu_2025_p028_t15.csv;2;1;TECNOLTA EQUIPAMENTOS ELETRÔNICOS
2025;28;16;slu_2025_p028_t16.csv;2;1;FABIANO MAGALHÃES SILVA, MISAEL BATISTA
2025;29;1;slu_2025_p029_t1.csv;44;13; |  |  |  |  |  | UTILIZAÇÃO E SISTEMA DE BILHETAGEM, CONTEMPLANDO DISPONIBILIZAÇÃO |  |  |  |  |  | 
2025;29;2;slu_2025_p029_t2.csv;2;1;ANDRE LUIZ JUNQUEIRA GUIMARÃES,
2025;29;3;slu_2025_p029_t3.csv;3;1;MILTON PEREIRA BARROS FILHO, VINÍCIUS DE
2025;29;4;slu_2025_p029_t4.csv;2;1;MARIA DO ROSÁRIO DE LIMA GALENO, AMANDA
2025;29;5;slu_2025_p029_t5.csv;3;1;LEONARDO YAMADA ARANTES, MAURÍCIO DE
2025;29;6;slu_2025_p029_t6.csv;3;7;CONTRATO Nº | EMPRESA | DATA DE ASSINATURA / INÍCIO DA VIGÊNCIA |  | OBJETO | TÉRMINO DA VIGÊNCIA | VALOR
2025;30;1;slu_2025_p030_t1.csv;28;14;CONTRATO Nº | EMPRESA |  |  | DATA DE |  | OBJETO |  |  | TÉRMINO DA VIGÊNCIA | VALOR (R$) | EXECUTORES E SUPLENTES |  | 
2025;30;2;slu_2025_p030_t2.csv;3;1;ATÉ O PRESENTE MOMENTO, AINDA NÃO FOI
2025;30;3;slu_2025_p030_t3.csv;2;1;GOLDMAN SOLUÇÕES EM
2025;30;4;slu_2025_p030_t4.csv;3;1;EVERALDO ANTÔNIO DE ARAÚJO/IGOR
2025;30;5;slu_2025_p030_t5.csv;33;11;CONTRATO Nº | EMPRESA |  | DATA DE |  | OBJETO |  |  | TÉRMINO DA VIGÊNCIA | VALOR (R$) | EXECUTORES E SUPLENTES
2025;30;6;slu_2025_p030_t6.csv;2;1;FRANCISCO KRISMAWILLIAMS DE ALMEIDA MAIA,
2025;30;7;slu_2025_p030_t7.csv;2;1;THEO ALBUQUERQUE DE PAULA, GABRIEL
2025;30;8;slu_2025_p030_t8.csv;2;1;ELBES ALVES DE SOUZA, BRUNO DENÓFRIO
2025;30;9;slu_2025_p030_t9.csv;2;1;EVERALDO ANTONIO DE ARAUJO, FRANCISCO
2025;30;10;slu_2025_p030_t10.csv;3;1;EVERALDO ANTONIO DE ARAUJO, ÁLVARO
2025;31;1;slu_2025_p031_t1.csv;7;9;60/2025 | AVANTI ENGENHARIA | 18/12/2025 |  | CONTRATAÇÃO DE SERVIÇO DE INSTALAÇÃO COM FORNECIMENTO DE SISTEMA DE MONITORAMENTO ELETRÔNICO. | 18/12/2026 | R$ 975.080,50 | JOÃO VICTOR E PERSILIO EUGENI
2025;31;2;slu_2025_p031_t2.csv;6;9;CONTRATO Nº | EMPRESA |  | DATA DE |  | OBJETO | TÉRMINO DA VIGÊNCIA | VALOR (R$) | EXECUTORES E SUPLENTES
2025;31;3;slu_2025_p031_t3.csv;5;9;CONTRATO Nº | EMPRESA |  | DATA DE |  | OBJETO | TÉRMINO DA VIGÊNCIA | VALOR (R$) | EXECUTORES E SUPLENTES
2025;32;1;slu_2025_p032_t1.csv;5;7; |  |  | ATÉ QUE A CONTRATAÇÃO REGULAR SEJA CONCLUÍDA, O QUE VIER A OCORRER PRIMEIRO. |  |  | 
2025;32;2;slu_2025_p032_t2.csv;6;8;CONTRATO Nº | EMPRESA |  | DATA DE | OBJETO | TÉRMINO DA VIGÊNCIA | VALOR (R$) | EXECUTORES E SUPLENTES
2025;32;3;slu_2025_p032_t3.csv;2;1;TÉRMINO DA
2025;33;1;slu_2025_p033_t1.csv;9;7;35/2025 | COOPERATIVA DE TRABALHO DE CATADORES DE MATERIAIS RECICLÁVEIS E DE EDUCAÇÃO AMBIENTAL NOVA SUPERAÇÃO | 19/03/2025 | O OBJETO DO PRESENTE INSTRUMENTO É A CONTRATAÇÃO, DECORRENTE DO CREDENCIAM
2025;34;1;slu_2025_p034_t1.csv;9;7;22/2025 | CORTRAP COOPERATIVA DE TRABALHO DE RECICLAGEM E PRODUÇÃO | 20/01/2025 | O OBJETO DO PRESENTE INSTRUMENTO É A CONTRATAÇÃO, DECORRENTE DO CREDENCIAMENTO DE COOPERAVAS/ASSOCIAÇÕES DE CATADORES,
2025;35;1;slu_2025_p035_t1.csv;9;7; |  |  | EXIGÊNCIAS ESTABELECIDAS NO EDITAL DE CREDENCIMENTO Nº 01/2024-SLU/DF E SEUS ANEXOS. |  |  | 
2025;36;1;slu_2025_p036_t1.csv;10;7;05/2025. | COOPERATIVA DE TRABALHO DE COLETA SELETIVA DE MATERIAIS RECICLÁVEIS E RESÍDUOS SÓLIDOS (RECICLO) | 20/01/2025 | O OBJETO DO PRESENTE INSTRUMENTO É A CONTRATAÇÃO, DECORRENTE DO CREDENCIAMENT
2025;37;1;slu_2025_p037_t1.csv;12;7; |  |  | NECESSIDADES DO SERVIÇO DE LIMPEZA URBANA – SLU/DF, REFERENTE AO LOTE LOTE 18 - PLANALTINA II |  |  | LEONARDO CARLOS SILVA CUNHA, GABRIEL RODRIGUES ROCHA E SILVA, JÚLIO CAMPOS FONTES DE ALVA
2025;38;1;slu_2025_p038_t1.csv;6;7;13/2022 | ASSOCIAÇÃO DE CATADORES DE MATERIAIS RECICLÁVELS VENCENDO OS OBSTÁCULOS | 29/04/2022 | PRESTAÇÃO DE SERVIÇOS DE COLETA, TRANSPORTE E DESTINAÇÃO DE RESÍDUOS URBANOS RECICLÁVEIS SECOS DOMICILI
2025;39;1;slu_2025_p039_t1.csv;9;36; | DESPESAS COM ÁGUA, LUZ, TELEFONE, IPTU E TLP |  |  |  |  |  |  |  |  |  |  |  |  |  |  |  |  |  |  |  |  |  |  |  |  |  |  |  |  |  |  |  |  |  | 
2025;39;2;slu_2025_p039_t2.csv;6;37; | DESPESAS COM ALUGUEL |  |  |  |  |  |  |  |  |  |  |  |  |  |  |  |  |  |  |  |  |  |  |  |  |  |  |  |  |  |  |  |  |  |  | 
2025;39;3;slu_2025_p039_t3.csv;18;16;Nº |  |  | SEDE |  |  | NÚCLEO | RA | ENDEREÇO | PROPRIEDADE | SITUAÇÃO | ÁREA TOTAL |  |  | ÁREA CONSTRUÍDA | 
2025;40;1;slu_2025_p040_t1.csv;37;19;16 |  |  |  |  |  | NUSAM |  | Samambaia | Área Especial, s/nº QS 302 - Centro Urbano - Samambaia Sul | Administração Regional de Samambaia | Empréstimo |  | - |  |  | - |  | 
2025;41;1;slu_2025_p041_t1.csv;7;10; | LICITAÇÕES EM ANDAMENTO OU SUSPENSAS (DEZ/2025) |  |  |  |  |  |  |  | 
2025;41;2;slu_2025_p041_t2.csv;3;19; | CONTRATAÇÕES DIRETAS EM ANDAMENTO – DISPENSA/INEXIGIBILIDADE (DEZ/2025) |  |  |  |  |  |  |  |  |  |  |  |  |  |  |  |  | 
2025;41;3;slu_2025_p041_t3.csv;6;20; | LICITAÇÕES FINALIZADAS – DISPENSA/INEXIGIBILIDADE (DEZ/2025) |  |  |  |  |  |  |  |  |  |  |  |  |  |  |  |  |  | 
2025;42;1;slu_2025_p042_t1.csv;9;7; | UNIDADE DE TRANSBORDO DE RESÍDUOS NA REGIÃO DE BRAZLÂNDIA | ABERTURA EM 22/11/2024 ÀS 09H00 | HOMOLOGADO R$ 4.013.800,78 6,4488% |  |  | 
2025;43;1;slu_2025_p043_t1.csv;6;7; | RECIPIENTES PARA ACONDICIONAMENTO DE RESÍDUOS |  |  |  |  | 
2025;43;2;slu_2025_p043_t2.csv;6;11; | DISPENSAS DE LICITAÇÃO E PEQUENAS COMPRAS FINALIZADAS (DEZ/2025) |  |  |  |  |  |  |  |  | 
2025;44;1;slu_2025_p044_t1.csv;7;8; | QUANTIDADES DETALHADAS NA TABELA ABAIXO, PARA ATENDER ÀS NECESSIDADES DESTE SLU |  |  | ATLÂNTICO SOLUÇÕES E SERVIÇOS LTDA, CNPJ Nº 54.886.990/0001-36 (ITEM 2) MARIA ISABEL DA SILVA DE ALENCAR - ME
2025;45;1;slu_2025_p045_t1.csv;2;8; | CRIPTOGRÁFICO), VÁLIDOS POR NO MÍNIMO 36 (TRINTA E SEIS) MESES, CERTIFICADOS DIGITAIS A1, DO TIPO E-CPF E CERTIFICADOS DIGITAIS A1, DO TIPO E-CPNJ, VÁLIDOS POR 12 (DOZE) MESES, AMBOS DENTRO DAS ESP
2025;45;2;slu_2025_p045_t2.csv;5;21; | INEXIGIBILIDADES DE LICITAÇÃO FINALIZADAS (DEZ/2025) |  |  |  |  |  |  |  |  |  |  |  |  |  |  |  |  |  |  | 
2025;46;1;slu_2025_p046_t1.csv;13;7; |  |  |  | CNPJ 39.326.773/0001-06 |  | 
2025;47;1;slu_2025_p047_t1.csv;13;7; |  |  |  | CNPJ 19.779.233/0001-62 |  | 
2025;48;1;slu_2025_p048_t1.csv;9;7;00094-00001599/2025-27 | CONTRATAÇÃO DA COOPERATIVA DE TRABALHO DOS CATADORES DE MATERIAIS RECICLAVEIS COOPERLIVRE, DECORRENTE DO EDITAL DE CREDENCIMENTO Nº 01/2024-SLU/DF E SEUS ANEXOS | INEXIGIBILID
2025;48;2;slu_2025_p048_t2.csv;5;15; | ADESÕES A ATAS DE REGISTRO DE PREÇOS (DEZ/2025) |  |  |  |  |  |  |  |  |  |  |  |  | 
2025;49;1;slu_2025_p049_t1.csv;10;5;00094-00001673/2025-13 | CONTRATAÇÃO DE EMPRESA ESPECIALIZADA NA ORGANIZAÇÃO DE EVENTOS PARA A REALIZAÇÃO DO DIA DO GARI, VISANDO À PROMOÇÃO DE AÇÃO DE VALORIZAÇÃO DOS TRABALHADORES DA LIMPEZA URBANA,
2025;53;1;slu_2025_p053_t1.csv;5;45; |  |  |  | JAN |  |  | FEV |  |  | MAR |  |  | ABR |  |  | MAI |  |  | JUN |  |  | JUL |  |  | AGO |  |  | SET |  |  | OUT |  |  | NOV |  |  | DEZ |  |  | Total |  |  | Média | 
2025;53;2;slu_2025_p053_t2.csv;5;45; |  |  |  | JAN |  |  | FEV |  |  | MAR |  |  | ABR |  |  | MAI |  |  | JUN |  |  | JUL |  |  | AGO |  |  | SET |  |  | OUT |  |  | NOV |  |  | DEZ |  |  | Total |  |  | Média | 
2025;53;3;slu_2025_p053_t3.csv;5;45; |  |  |  | JAN |  |  | FEV |  |  | MAR |  |  | ABR |  |  | MAI |  |  | JUN |  |  | JUL |  |  | AGO |  |  | SET |  |  | OUT |  |  | NOV |  |  | DEZ |  |  | Total |  |  | Média | 
2025;53;4;slu_2025_p053_t4.csv;5;45; |  |  |  | JAN |  |  | FEV |  |  | MAR |  |  | ABR |  |  | MAI |  |  | JUN |  |  | JUL |  |  | AGO |  |  | SET |  |  | OUT |  |  | NOV |  |  | DEZ |  |  | Total |  |  | Média | 
2025;53;5;slu_2025_p053_t5.csv;5;45; |  |  |  | JAN |  |  | FEV |  |  | MAR |  |  | ABR |  |  | MAI |  |  | JUN |  |  | JUL |  |  | AGO |  |  | SET |  |  | OUT |  |  | NOV |  |  | DEZ |  |  | Total |  |  | Média | 
2025;54;1;slu_2025_p054_t1.csv;5;45; |  |  |  | JAN |  |  | FEV |  |  | MAR |  |  | ABR |  |  | MAI |  |  | JUN |  |  | JUL |  |  | AGO |  |  | SET |  |  | OUT |  |  | NOV |  |  | DEZ |  |  | Total |  |  | Média | 
2025;54;2;slu_2025_p054_t2.csv;5;45; |  |  |  | JAN |  |  | FEV |  |  | MAR |  |  | ABR |  |  | MAI |  |  | JUN |  |  | JUL |  |  | AGO |  |  | SET |  |  | OUT |  |  | NOV |  |  | DEZ |  |  | Total |  |  | Média | 
2025;54;3;slu_2025_p054_t3.csv;5;45; |  |  |  | JAN |  |  | FEV |  |  | MAR |  |  | ABR |  |  | MAI |  |  | JUN |  |  | JUL |  |  | AGO |  |  | SET |  |  | OUT |  |  | NOV |  |  | DEZ |  |  | Total |  |  | Média | 
2025;54;4;slu_2025_p054_t4.csv;5;45; |  |  |  | JAN |  |  | FEV |  |  | MAR |  |  | ABR |  |  | MAI |  |  | JUN |  |  | JUL |  |  | AGO |  |  | SET |  |  | OUT |  |  | NOV |  |  | DEZ |  |  | Total |  |  | Média | 
2025;54;5;slu_2025_p054_t5.csv;7;45; |  |  |  | JAN |  |  | FEV |  |  | MAR |  |  | ABR |  |  | MAI |  |  | JUN |  |  | JUL |  |  | AGO |  |  | SET |  |  | OUT |  |  | NOV |  |  | DEZ |  |  | Total |  |  | Média | 
2025;55;1;slu_2025_p055_t1.csv;4;26; |  |  |  | JAN |  | FEV |  | MAR |  | ABR |  | MAI |  | JUN |  | JUL |  | AGO | SET | OUT | NOV | DEZ | Total | Média | 
2025;55;2;slu_2025_p055_t2.csv;5;26; |  |  |  | JAN |  | FEV |  | MAR |  | ABR |  | MAI |  | JUN |  | JUL |  | AGO | SET | OUT | NOV | DEZ | Total | Média | 
2025;55;3;slu_2025_p055_t3.csv;2;26; |  |  |  | JAN |  | FEV |  | MAR |  | ABR |  | MAI |  | JUN |  | JUL |  | AGO | SET | OUT | NOV | DEZ | Total | Média | 
2025;55;4;slu_2025_p055_t4.csv;4;36; |  |  |  | JAN |  |  | FEV |  |  | MAR |  |  | ABR |  |  | MAI |  |  | JUN |  |  | JUL |  |  | AGO |  | SET |  | OUT |  | NOV | DEZ | Total | Média | 
2025;55;5;slu_2025_p055_t5.csv;4;36; |  |  |  | JAN |  |  | FEV |  |  | MAR |  |  | ABR |  |  | MAI |  |  | JUN |  |  | JUL |  |  | AGO |  | SET |  | OUT |  | NOV | DEZ | Total | Média | 
2025;55;6;slu_2025_p055_t6.csv;2;36; |  |  |  | JAN |  |  | FEV |  |  | MAR |  |  | ABR |  |  | MAI |  |  | JUN |  |  | JUL |  |  | AGO |  | SET |  | OUT |  | NOV | DEZ | Total | Média | 
2025;56;1;slu_2025_p056_t1.csv;5;40; |  |  |  | JAN |  |  | FEV |  |  | MAR |  |  | ABR |  |  | MAI |  |  | JUN |  |  | JUL |  | AGO | SET | OUT |  |  | NOV |  |  | DEZ |  |  | Total |  |  | Média | 
2025;56;2;slu_2025_p056_t2.csv;5;40; |  |  |  | JAN |  |  | FEV |  |  | MAR |  |  | ABR |  |  | MAI |  |  | JUN |  |  | JUL |  | AGO | SET | OUT |  |  | NOV |  |  | DEZ |  |  | Total |  |  | Média | 
2025;56;3;slu_2025_p056_t3.csv;5;40; |  |  |  | JAN |  |  | FEV |  |  | MAR |  |  | ABR |  |  | MAI |  |  | JUN |  |  | JUL |  | AGO | SET | OUT |  |  | NOV |  |  | DEZ |  |  | Total |  |  | Média | 
2025;56;4;slu_2025_p056_t4.csv;2;40; |  |  |  | JAN |  |  | FEV |  |  | MAR |  |  | ABR |  |  | MAI |  |  | JUN |  |  | JUL |  | AGO | SET | OUT |  |  | NOV |  |  | DEZ |  |  | Total |  |  | Média | 
2025;56;5;slu_2025_p056_t5.csv;2;40; |  |  |  | JAN |  |  | FEV |  |  | MAR |  |  | ABR |  |  | MAI |  |  | JUN |  |  | JUL |  | AGO | SET | OUT |  |  | NOV |  |  | DEZ |  |  | Total |  |  | Média | 
2025;57;1;slu_2025_p057_t1.csv;15;13;ATIVIDADE |  |  | UNIDADE | 2017 | 2018 | 2019 | 2020 | 2021 | 2022 | 2023 | 2024 | 2025
2025;58;1;slu_2025_p058_t1.csv;18;98;EQUIPAMENTOS LIMPEZA URBANA |  |  |  | R O T E L O C O Ã H N IM A C | R O D A T C A P M O C |  |  |  | Ú A B R O T E L O C O Ã H N IM A C |  |  |  | A L O IA G O Ã H N IM A C |  |  | Ú A B O Ã H N IM 
2025;58;2;slu_2025_p058_t2.csv;2;1;EQUIPAMENTOS
2025;59;1;slu_2025_p059_t1.csv;9;75; |  | S O R R E T A S O D S O T N E M A P IU Q E |  |  |  | E D O L U C ÍE V | O Ã Ç A Z IL A C S IF / O IO P A |  |  | A C IL U Á R D IH A R IE D A V A C S E |  |  | IC E T S A B A E D O Ã H N IM A C
2025;59;2;slu_2025_p059_t2.csv;7;13;EQUIPAMENTOS DOS ATERROS |  |  | ESCAVADEIRA HIDRÁULICA |  | CARRETA |  | PÁ CARREGADEIRA | CAMINHÃO CAÇAMBA TRUCADO | CARRETA DE TRANSPORTE DE REJEITO | Total |  | 
2025;59;3;slu_2025_p059_t3.csv;2;1;EQUIPAMENTOS DOS
2025;59;4;slu_2025_p059_t4.csv;2;1;CAMINHÃO CAÇAMBA
2025;59;5;slu_2025_p059_t5.csv;2;1;CARRETA DE TRANSPORTE
2025;61;1;slu_2025_p061_t1.csv;14;1;O papa-entulho é o espaço adequado para a
2025;62;1;slu_2025_p062_t1.csv;26;45; | Unidade |  |  | JAN |  |  | FEV |  |  | MAR |  |  | ABR |  |  | MAI |  |  | JUN |  |  | JUL |  |  | AGO |  |  | SET |  |  | OUT |  |  | NOV |  |  | DEZ |  |  | Total |  |  | Média | 
2025;63;1;slu_2025_p063_t1.csv;26;45; | Unidade |  |  | JAN |  |  | FEV |  |  | MAR |  |  | ABR |  |  | MAI |  |  | JUN |  |  | JUL |  |  | AGO |  |  | SET |  |  | OUT |  |  | NOV |  |  | DEZ |  |  | Total |  |  | Média | 
2025;64;1;slu_2025_p064_t1.csv;26;45; | Unidade |  |  | JAN |  |  | FEV |  |  | MAR |  |  | ABR |  |  | MAI |  |  | JUN |  |  | JUL |  |  | AGO |  |  | SET |  |  | OUT |  |  | NOV |  |  | DEZ |  |  | Total |  |  | Média | 
2025;65;1;slu_2025_p065_t1.csv;26;45; | Unidade |  |  | JAN |  |  | FEV |  |  | MAR |  |  | ABR |  |  | MAI |  |  | JUN |  |  | JUL |  |  | AGO |  |  | SET |  |  | OUT |  |  | NOV |  |  | DEZ |  |  | Total |  |  | Média | 
2025;66;1;slu_2025_p066_t1.csv;27;12; | REGIÃO ADM. |  |  | Nº |  |  | ENDEREÇO |  |  | LOCALIZAÇÃO | 
2025;69;1;slu_2025_p069_t1.csv;4;27; | QUANTITATIVOS DE RESÍDUOS ATERRADOS NO ATERRO SANITÁRIO DE BRASÍLIA (EM TONELADAS) |  |  |  |  |  |  |  |  |  |  |  |  |  |  |  |  |  |  |  |  |  |  |  |  | 
2025;69;2;slu_2025_p069_t2.csv;16;24; | QUANTITATIVOS MENSAIS RECEPCIONADOS NO ASB |  |  |  |  |  |  |  |  |  |  |  |  |  |  |  |  |  |  |  |  |  | 
2025;70;1;slu_2025_p070_t1.csv;7;12; | ETAPAS DA CONSTRUÇÃO DO ASB |  |  |  |  |  |  |  |  |  | 
2025;70;2;slu_2025_p070_t2.csv;15;6; | MÊS |  |  | VOLUME (M³) | 
2025;71;1;slu_2025_p071_t1.csv;15;18; | NÚMERO DE VIAGENS |  |  |  |  |  |  |  |  |  |  |  |  |  |  |  | 
2025;72;1;slu_2025_p072_t1.csv;15;18; | PESO LÍQUIDO POR MÊS (EM TONELADAS) |  |  |  |  |  |  |  |  |  |  |  |  |  |  |  | 
2025;72;2;slu_2025_p072_t2.csv;15;24; | BRITADOS PRODUZIDOS NA RECICLAGEM DO RCC (TONELADAS) |  |  |  |  |  |  |  |  |  |  |  |  |  |  |  |  |  |  |  |  |  | 
2025;73;1;slu_2025_p073_t1.csv;15;24; | BRITADOS DOADOS |  |  |  |  |  |  |  |  |  |  |  |  |  |  |  |  |  |  |  |  |  | 
2025;73;2;slu_2025_p073_t2.csv;14;5; | MÊS |  |  | TOTAL DOAÇÃO (T)
2025;75;1;slu_2025_p075_t1.csv;39;17; | LOTE I (R$) |  |  |  |  |  |  |  |  |  |  |  |  |  |  | 
2025;76;1;slu_2025_p076_t1.csv;38;17; | LOTE II (R$) |  |  |  |  |  |  |  |  |  |  |  |  |  |  | 
2025;77;1;slu_2025_p077_t1.csv;38;17; | LOTE III (R$) |  |  |  |  |  |  |  |  |  |  |  |  |  |  | 
2025;78;1;slu_2025_p078_t1.csv;41;17; | TOTAL PAGO NOS LOTES I, II E III (R$) |  |  |  |  |  |  |  |  |  |  |  |  |  |  | 
2025;79;1;slu_2025_p079_t1.csv;23;19;CUSTOS UNIDADE DE RECEBIMENTO DE ENTULHOS (URE) |  |  |  |  |  |  |  |  |  |  |  |  |  |  |  |  |  | 
2025;79;2;slu_2025_p079_t2.csv;15;9; | ATERRO SANITÁRIO DE BRASÍLIA - ATERRAMENTO |  |  |  |  |  |  | 
2025;80;1;slu_2025_p080_t1.csv;16;14; | CUSTO DA OPERAÇÃO DOS PAPA ENTULHO (PEV) |  |  |  |  |  |  |  |  |  |  |  | 
2025;80;2;slu_2025_p080_t2.csv;19;29; | UTMB PSUL - UNIDADE DE TRATAMENTO MECÂNICO BIOLÓGICO DA CEILÂNDIA (PSUL) |  |  |  |  |  |  |  |  |  |  |  |  |  |  |  |  |  |  |  |  |  |  |  |  |  |  | 
2025;80;3;slu_2025_p080_t3.csv;2;1;Custo por
2025;80;4;slu_2025_p080_t4.csv;2;1;Operação De
2025;80;5;slu_2025_p080_t5.csv;2;1;Custo por
2025;80;6;slu_2025_p080_t6.csv;2;1;Transporte De Rejeito
2025;80;7;slu_2025_p080_t7.csv;2;1;Custo por
2025;80;8;slu_2025_p080_t8.csv;2;1;Transporte De
2025;81;1;slu_2025_p081_t1.csv;17;9; | UTMB ASA SUL - UNIDADE DE TRATAMENTO MECÂNICO BIOLÓGICO - ASA SUL |  |  |  |  |  |  | 
2025;99;1;slu_2025_p099_t1.csv;25;15; | VALORES CONTRATADOS PARA A COLETA SELETIVA INCLUSIVA POR COOPERATIVA/ASSOCIAÇÃO |  |  |  |  |  |  |  |  |  |  |  |  | 
2025;100;1;slu_2025_p100_t1.csv;25;15; | RESULTADOS PARA A COLETA SELETIVA INCLUSIVA POR COOPERATIVA/ASSOCIAÇÃO |  |  |  |  |  |  |  |  |  |  |  |  | 
2025;103;1;slu_2025_p103_t1.csv;13;6; | AÇÕES CONJUNTAS DE MOBILIZAÇÃO SOCIAL |  |  |  | 
2025;106;1;slu_2025_p106_t1.csv;5;12; | VALORES DE REMUNERAÇÃO CONTRATUAL |  |  |  |  |  |  |  |  |  | 
2025;106;2;slu_2025_p106_t2.csv;22;7;COOPERATIVAS E ASSOCIAÇÕES DE CATADORES CONTRATO DE TRIAGEM 2025 |  |  |  |  |  | 
2025;107;1;slu_2025_p107_t1.csv;14;17; |  | 2ª | COOPATIVA |  | 17 |  |  | 20,54 |  |  | R$ 11.787,91 |  |  | R$ 141.454,87 |  | 
2025;107;2;slu_2025_p107_t2.csv;24;18; | RESULTADOS DOS CONTRATOS DE TRIAGEM - 2025 (CONTRATO ANTIGO) |  |  |  |  |  |  |  |  |  |  |  |  |  |  |  | 
2025;108;1;slu_2025_p108_t1.csv;34;9; | RESULTADOS DOS CONTRATOS DE TRIAGEM - 2025 (CONTRATO NOVO) |  |  |  |  |  |  | 
2025;111;1;slu_2025_p111_t1.csv;8;11; | RESÍDUOS RECUPERADOS EM TONELADAS - 2025 (CONTRATO ANTIGO) |  |  |  |  |  |  |  |  | 
2025;111;2;slu_2025_p111_t2.csv;15;11; | RESÍDUOS RECUPERADOS EM TONELADAS - 2025 (CONTRATO NOVO) |  |  |  |  |  |  |  |  | 
2025;112;1;slu_2025_p112_t1.csv;8;21; | DISTRIBUIÇÃO DA RECEITA GERADA PELOS MATERIAIS RECICLÁVEIS COMERCIALIZADOS - 2025 (CONTRATO ANTIGO) |  |  |  |  |  |  |  |  |  |  |  |  |  |  |  |  |  |  | 
2025;112;2;slu_2025_p112_t2.csv;15;21; | DISTRIBUIÇÃO DA RECEITA GERADA PELOS MATERIAIS RECICLÁVEIS COMERCIALIZADOS - 2025 (CONTRATO NOVO) |  |  |  |  |  |  |  |  |  |  |  |  |  |  |  |  |  |  | 
2025;113;1;slu_2025_p113_t1.csv;6;5; | PRINCIPAIS COMPRADORES DE MATERIAIS RECICLÁVEIS NO PERÍODO DE JANEIRO A MAIO DE 2025. (CONTRATO ANTIGO) |  |  | 
2025;113;2;slu_2025_p113_t2.csv;7;5; | PRINCIPAIS COMPRADORES DE MATERIAIS RECICLÁVEIS NO PERÍODO DE JANEIRO A DEZEMBRO DE 2025. (CONTRATO NOVO) |  |  | 
2025;114;1;slu_2025_p114_t1.csv;30;10; | LOCALIZAÇÃO DAS IRRS E COOPERATIVAS INSTALADAS |  |  |  |  |  |  |  | 
2025;115;1;slu_2025_p115_t1.csv;6;4;29 | ST HABITACIONAL NOVA COLINA Q 100 LT S/N SOBRADINHO | COOPERATIVA DE TRABALHO RECICLAMAIS – RECICLAMAIS | Coleta Seletiva e Triagem
2025;115;2;slu_2025_p115_t2.csv;19;42;ENTRADA DE RESÍDUOS NAS UNIDADES GERENCIADAS PELO SLU E GALPÕES PRÓPRIOS DE COOPERATIVAS (EM TONELADAS) |  |  |  |  |  |  |  |  |  |  |  |  |  |  |  |  |  |  |  |  |  |  |  |  |  |  |  |  |  |  |  |  
2025;116;1;slu_2025_p116_t1.csv;33;42; | SUMA BRASIL |  |  | 26,63 |  |  | 30,15 |  |  | 17,33 |  |  | 23,41 |  |  | 10,89 |  |  | 5,43 |  |  | 5,39 |  |  | 4,37 |  |  | 79,18 |  |  | 14,85 |  |  | 23,60 |  |  | 181,18 |  |  | 422,41 | 
2025;117;1;slu_2025_p117_t1.csv;22;42; | SUMA BRASIL |  |  | 0,00 |  |  | 0,00 |  |  | 0,00 |  |  | 0,00 |  |  | 0,00 |  |  | 1,16 |  |  | 2,92 |  |  | 0,00 |  |  | 0,00 |  |  | 0,00 |  |  | 0,00 |  |  | 0,00 |  |  | 4,08 | 
2025;118;1;slu_2025_p118_t1.csv;18;6; | QUANTITATIVO DE REJEITO DESTINADO AO ASB APÓS TIRAGEM NAS IRRS |  |  |  | 
2025;119;1;slu_2025_p119_t1.csv;6;9; | APROVEITAMENTO DE RESÍDUOS DAS UTMBS |  |  |  |  |  |  | 
2025;122;1;slu_2025_p122_t1.csv;15;5;CONTROLE DE TRANSPORTE DE RESÍDUOS (CTR) |  |  |  | 
2025;142;1;slu_2025_p142_t1.csv;15;15; | ANÁLISE DE NOTÍCIAS |  |  |  |  |  |  |  |  |  |  |  |  | 
2025;143;1;slu_2025_p143_t1.csv;3;38; | ATENDIMENTO À IMPRENSA |  |  |  |  |  |  |  |  |  |  |  |  |  |  |  |  |  |  |  |  |  |  |  |  |  |  |  |  |  |  |  |  |  |  |  | 
2025;143;2;slu_2025_p143_t2.csv;8;38; | PUBLICAÇÕES NO INSTAGRAM DO SLU |  |  |  |  |  |  |  |  |  |  |  |  |  |  |  |  |  |  |  |  |  |  |  |  |  |  |  |  |  |  |  |  |  |  |  | 
2025;144;1;slu_2025_p144_t1.csv;6;42; | NÚMERO DE ATENDIMENTOS POR EMPRESA/LOTE |  |  |  |  |  |  |  |  |  |  |  |  |  |  |  |  |  |  |  |  |  |  |  |  |  |  |  |  |  |  |  |  |  |  |  |  |  |  |  | 
